/*
SQLyog Ultimate v12.08 (64 bit)
MySQL - 5.7.37-0ubuntu0.18.04.1 : Database - stu_forum
*********************************************************************
*/

/*!40101 SET NAMES utf8 */;

/*!40101 SET SQL_MODE=''*/;

/*!40014 SET @OLD_UNIQUE_CHECKS=@@UNIQUE_CHECKS, UNIQUE_CHECKS=0 */;
/*!40014 SET @OLD_FOREIGN_KEY_CHECKS=@@FOREIGN_KEY_CHECKS, FOREIGN_KEY_CHECKS=0 */;
/*!40101 SET @OLD_SQL_MODE=@@SQL_MODE, SQL_MODE='NO_AUTO_VALUE_ON_ZERO' */;
/*!40111 SET @OLD_SQL_NOTES=@@SQL_NOTES, SQL_NOTES=0 */;
CREATE DATABASE /*!32312 IF NOT EXISTS*/`stu_forum` /*!40100 DEFAULT CHARACTER SET utf8mb4 */;

USE `stu_forum`;

/*Table structure for table `alembic_version` */

DROP TABLE IF EXISTS `alembic_version`;

CREATE TABLE `alembic_version` (
  `version_num` varchar(32) NOT NULL,
  PRIMARY KEY (`version_num`)
) ENGINE=InnoDB DEFAULT CHARSET=utf8mb4;

/*Data for the table `alembic_version` */

insert  into `alembic_version`(`version_num`) values ('2ea03e82b012');

/*Table structure for table `behavior_daily` */

DROP TABLE IF EXISTS `behavior_daily`;

CREATE TABLE `behavior_daily` (
  `id` int(11) NOT NULL AUTO_INCREMENT,
  `behavior` varchar(50) DEFAULT NULL,
  `classroom` varchar(50) DEFAULT NULL,
  `part` int(11) DEFAULT NULL,
  `count` int(11) DEFAULT NULL,
  `datetime` datetime DEFAULT NULL,
  `imgPath` varchar(100) DEFAULT NULL,
  PRIMARY KEY (`id`)
) ENGINE=InnoDB AUTO_INCREMENT=27 DEFAULT CHARSET=utf8mb4;

/*Data for the table `behavior_daily` */

insert  into `behavior_daily`(`id`,`behavior`,`classroom`,`part`,`count`,`datetime`,`imgPath`) values (2,'未戴口罩','高一一班',1,1,'2022-04-26 15:16:32','ndarray_time=1650957248554537.jpg'),(3,'安全正常','高一一班',0,1,'2022-04-26 15:19:26','ndarray_time=1650957578352258.jpg'),(4,'安全正常','高一一班',0,1,'2022-04-26 15:19:26','ndarray_time=1650957587588743.jpg'),(5,'安全正常','高一一班',0,1,'2022-04-26 15:36:40','ndarray_time=1650958635626198.jpg'),(6,'安全正常','高一一班',0,1,'2022-04-26 15:36:45','ndarray_time=1650958640367105.jpg'),(7,'未戴口罩','高一一班',1,1,'2022-04-26 17:49:03','ndarray_time=1650966574063296.jpg'),(8,'未戴口罩','高一一班',1,1,'2022-04-26 17:49:03','ndarray_time=1650966583305793.jpg'),(9,'未戴口罩','高一一班',1,1,'2022-04-26 17:49:03','ndarray_time=1650966585882160.jpg'),(10,'安全正常','高一一班',0,0,'2022-04-27 10:20:57','ndarray_time=1651026425233257.jpg'),(11,'安全正常','高一一班',0,0,'2022-04-27 10:21:02','ndarray_time=1651026427509529.jpg'),(12,'未戴口罩','高一一班',1,1,'2022-04-27 10:39:49','ndarray_time=1651027557730137.jpg'),(13,'未戴口罩','高一一班',1,1,'2022-04-30 15:48:35','ndarray_time=1651304934178463.jpg'),(14,'未戴口罩','高一一班',1,1,'2022-04-30 15:48:35','ndarray_time=1651304937548953.jpg'),(15,'未戴口罩','高一一班',1,1,'2022-04-30 15:48:35','ndarray_time=1651304949328573.jpg'),(16,'未戴口罩','高一一班',1,1,'2022-04-30 15:48:35','ndarray_time=1651304953950736.jpg'),(17,'未戴口罩','高一一班',1,1,'2022-04-30 15:48:35','ndarray_time=1651304975086956.jpg'),(18,'未戴口罩','高一一班',1,1,'2022-04-30 15:48:35','ndarray_time=1651304977844634.jpg'),(19,'未戴口罩','高一一班',1,1,'2022-04-30 15:49:51','ndarray_time=1651305598205064.jpg'),(20,'未戴口罩','高一一班',1,1,'2022-04-30 15:49:56','ndarray_time=1651305603227189.jpg'),(21,'未戴口罩','高一一班',1,1,'2022-04-30 15:49:51','ndarray_time=1651306797676843.jpg'),(22,'未戴口罩','高一一班',1,1,'2022-04-30 15:49:56','ndarray_time=1651306805270420.jpg'),(23,'未戴口罩','高一一班',1,1,'2022-04-30 21:33:46','ndarray_time=1651326248979262.jpg'),(24,'未戴口罩','高一一班',1,1,'2022-04-30 21:33:59','ndarray_time=1651326257788474.jpg'),(25,'未戴口罩','高一一班',1,1,'2022-04-30 21:33:46','ndarray_time=1651326838995415.jpg'),(26,'安全正常','高一一班',0,0,'2022-04-30 21:33:59','ndarray_time=1651326854869931.jpg');

/*Table structure for table `browse_record` */

DROP TABLE IF EXISTS `browse_record`;

CREATE TABLE `browse_record` (
  `id` int(11) NOT NULL AUTO_INCREMENT,
  `create_time` date DEFAULT NULL,
  `topic_id` int(11) DEFAULT NULL,
  `user_id` int(11) DEFAULT NULL,
  PRIMARY KEY (`id`),
  KEY `topic_id` (`topic_id`),
  KEY `user_id` (`user_id`),
  CONSTRAINT `browse_record_ibfk_1` FOREIGN KEY (`topic_id`) REFERENCES `topic` (`id`),
  CONSTRAINT `browse_record_ibfk_2` FOREIGN KEY (`user_id`) REFERENCES `user` (`id`)
) ENGINE=InnoDB AUTO_INCREMENT=991 DEFAULT CHARSET=utf8mb4;

/*Data for the table `browse_record` */

insert  into `browse_record`(`id`,`create_time`,`topic_id`,`user_id`) values (1,'2022-04-14',2,7),(2,'2022-04-14',3,8),(3,'2022-04-14',3,8),(4,'2022-04-14',2,8),(5,'2022-04-14',1,8),(6,'2022-04-14',2,8),(7,'2022-04-14',3,8),(8,'2022-04-16',1,7),(9,'2022-04-16',2,7),(10,'2022-04-16',3,7),(11,'2022-04-16',3,7),(12,'2022-04-16',3,7),(13,'2022-04-16',3,7),(14,'2022-04-16',3,7),(15,'2022-04-16',3,7),(16,'2022-04-16',3,7),(17,'2022-04-16',3,7),(18,'2022-04-16',3,7),(19,'2022-04-16',3,7),(20,'2022-04-16',3,7),(21,'2022-04-16',3,7),(22,'2022-04-16',3,7),(23,'2022-04-16',1,7),(24,'2022-04-16',1,7),(25,'2022-04-16',1,7),(26,'2022-04-16',1,7),(27,'2022-04-16',1,7),(28,'2022-04-16',1,7),(29,'2022-04-16',1,7),(30,'2022-04-16',1,7),(31,'2022-04-16',1,7),(32,'2022-04-16',1,7),(33,'2022-04-16',1,7),(34,'2022-04-16',1,7),(35,'2022-04-16',1,7),(36,'2022-04-16',1,7),(37,'2022-04-16',1,7),(38,'2022-04-16',1,7),(39,'2022-04-16',1,7),(40,'2022-04-16',1,7),(41,'2022-04-16',1,7),(42,'2022-04-16',1,7),(43,'2022-04-16',1,7),(44,'2022-04-16',1,7),(45,'2022-04-16',1,7),(46,'2022-04-16',1,7),(47,'2022-04-16',1,7),(48,'2022-04-16',1,7),(49,'2022-04-16',1,7),(50,'2022-04-16',1,7),(51,'2022-04-16',1,7),(52,'2022-04-16',1,7),(53,'2022-04-16',1,7),(54,'2022-04-16',1,7),(55,'2022-04-16',1,7),(56,'2022-04-16',1,7),(57,'2022-04-16',1,7),(58,'2022-04-16',1,7),(59,'2022-04-16',3,7),(60,'2022-04-16',1,7),(61,'2022-04-16',3,7),(62,'2022-04-16',3,7),(63,'2022-04-16',3,7),(64,'2022-04-16',3,7),(65,'2022-04-16',3,7),(66,'2022-04-16',3,7),(67,'2022-04-16',3,7),(68,'2022-04-16',3,7),(69,'2022-04-16',3,7),(70,'2022-04-16',3,7),(71,'2022-04-16',3,7),(72,'2022-04-16',3,7),(73,'2022-04-16',3,7),(74,'2022-04-16',3,7),(75,'2022-04-16',3,7),(76,'2022-04-17',3,7),(77,'2022-04-17',5,7),(78,'2022-04-17',5,7),(79,'2022-04-17',1,7),(80,'2022-04-17',1,7),(81,'2022-04-17',1,7),(82,'2022-04-17',3,11),(83,'2022-04-17',1,11),(84,'2022-04-17',1,7),(85,'2022-04-17',3,7),(86,'2022-04-17',2,7),(87,'2022-04-17',5,12),(88,'2022-04-19',5,11),(89,'2022-04-19',5,11),(90,'2022-04-19',2,11),(91,'2022-04-19',2,11),(92,'2022-04-19',3,11),(93,'2022-04-19',3,11),(94,'2022-04-19',1,11),(95,'2022-04-19',1,11),(96,'2022-04-19',5,11),(97,'2022-04-19',1,11),(98,'2022-04-19',3,11),(99,'2022-04-19',2,11),(100,'2022-04-19',5,11),(101,'2022-04-19',5,11),(102,'2022-04-19',1,14),(103,'2022-04-19',3,14),(104,'2022-04-19',3,14),(105,'2022-04-19',6,13),(106,'2022-04-19',6,13),(107,'2022-04-19',6,13),(108,'2022-04-19',1,13),(109,'2022-04-19',6,11),(110,'2022-04-19',1,13),(111,'2022-04-19',3,13),(112,'2022-04-19',3,13),(113,'2022-04-19',6,11),(114,'2022-04-19',5,13),(115,'2022-04-19',5,13),(116,'2022-04-19',2,13),(117,'2022-04-19',6,11),(118,'2022-04-19',2,13),(119,'2022-04-19',6,11),(120,'2022-04-19',6,11),(121,'2022-04-19',7,11),(122,'2022-04-19',7,11),(123,'2022-04-19',7,11),(124,'2022-04-19',7,11),(125,'2022-04-19',7,11),(126,'2022-04-19',6,13),(127,'2022-04-19',8,13),(128,'2022-04-19',8,13),(129,'2022-04-19',9,13),(130,'2022-04-19',10,11),(131,'2022-04-19',9,13),(132,'2022-04-19',10,13),(133,'2022-04-19',10,11),(134,'2022-04-19',10,13),(135,'2022-04-19',7,11),(136,'2022-04-19',9,13),(137,'2022-04-19',7,13),(138,'2022-04-19',7,13),(139,'2022-04-19',1,13),(140,'2022-04-19',2,13),(141,'2022-04-19',2,13),(142,'2022-04-19',10,13),(143,'2022-04-19',9,13),(144,'2022-04-19',8,13),(145,'2022-04-19',6,12),(146,'2022-04-19',6,12),(147,'2022-04-19',7,12),(148,'2022-04-19',7,12),(149,'2022-04-19',8,12),(150,'2022-04-19',8,12),(151,'2022-04-19',9,12),(152,'2022-04-19',1,15),(153,'2022-04-19',9,12),(154,'2022-04-19',10,12),(155,'2022-04-19',1,15),(156,'2022-04-19',10,12),(157,'2022-04-19',6,15),(158,'2022-04-19',11,12),(159,'2022-04-19',11,12),(160,'2022-04-19',6,15),(161,'2022-04-19',1,12),(162,'2022-04-19',7,15),(163,'2022-04-19',1,12),(164,'2022-04-19',3,12),(165,'2022-04-19',8,13),(166,'2022-04-19',1,13),(167,'2022-04-19',3,12),(168,'2022-04-19',3,13),(169,'2022-04-19',7,15),(170,'2022-04-19',8,15),(171,'2022-04-19',5,13),(172,'2022-04-19',1,13),(173,'2022-04-19',8,15),(174,'2022-04-19',9,15),(175,'2022-04-19',1,13),(176,'2022-04-19',9,15),(177,'2022-04-19',10,15),(178,'2022-04-19',10,15),(179,'2022-04-19',1,15),(180,'2022-04-19',1,15),(181,'2022-04-19',3,15),(182,'2022-04-19',3,15),(183,'2022-04-19',3,15),(184,'2022-04-19',6,15),(185,'2022-04-19',2,15),(186,'2022-04-19',2,15),(187,'2022-04-19',5,15),(188,'2022-04-19',5,15),(189,'2022-04-19',9,15),(190,'2022-04-19',11,15),(191,'2022-04-19',8,15),(192,'2022-04-19',14,15),(193,'2022-04-19',6,12),(194,'2022-04-19',6,15),(195,'2022-04-19',7,15),(196,'2022-04-19',8,15),(197,'2022-04-19',7,15),(198,'2022-04-19',6,20),(199,'2022-04-19',6,20),(200,'2022-04-19',5,20),(201,'2022-04-19',5,20),(202,'2022-04-19',13,20),(203,'2022-04-19',6,6),(204,'2022-04-19',6,6),(205,'2022-04-19',1,6),(206,'2022-04-19',9,6),(207,'2022-04-19',16,6),(208,'2022-04-19',1,6),(209,'2022-04-19',1,6),(210,'2022-04-19',9,6),(211,'2022-04-19',9,6),(212,'2022-04-19',3,6),(213,'2022-04-19',16,7),(214,'2022-04-19',16,7),(215,'2022-04-19',6,7),(216,'2022-04-19',10,7),(217,'2022-04-19',6,22),(218,'2022-04-19',3,7),(219,'2022-04-19',1,22),(220,'2022-04-19',1,22),(221,'2022-04-19',3,22),(222,'2022-04-19',3,22),(223,'2022-04-19',3,22),(224,'2022-04-19',12,12),(225,'2022-04-19',6,22),(226,'2022-04-19',13,12),(227,'2022-04-19',6,12),(228,'2022-04-19',6,22),(229,'2022-04-19',5,22),(230,'2022-04-19',5,22),(231,'2022-04-19',2,22),(232,'2022-04-19',7,12),(233,'2022-04-19',2,22),(234,'2022-04-19',7,22),(235,'2022-04-19',9,12),(236,'2022-04-19',10,12),(237,'2022-04-19',10,12),(238,'2022-04-19',7,22),(239,'2022-04-19',9,22),(240,'2022-04-19',9,22),(241,'2022-04-19',10,22),(242,'2022-04-19',10,22),(243,'2022-04-19',8,22),(244,'2022-04-19',8,22),(245,'2022-04-19',11,22),(246,'2022-04-19',11,22),(247,'2022-04-19',16,22),(248,'2022-04-19',16,22),(249,'2022-04-19',13,22),(250,'2022-04-19',13,22),(251,'2022-04-19',12,22),(252,'2022-04-19',12,22),(253,'2022-04-19',14,22),(254,'2022-04-19',14,22),(255,'2022-04-19',16,13),(256,'2022-04-19',1,13),(257,'2022-04-20',6,7),(258,'2022-04-20',1,7),(259,'2022-04-20',7,11),(260,'2022-04-20',6,7),(261,'2022-04-20',6,7),(262,'2022-04-20',1,7),(263,'2022-04-20',8,7),(264,'2022-04-20',8,7),(265,'2022-04-20',1,7),(266,'2022-04-20',8,7),(267,'2022-04-20',8,7),(268,'2022-04-20',9,7),(269,'2022-04-20',9,7),(270,'2022-04-20',9,7),(271,'2022-04-20',17,7),(272,'2022-04-20',17,7),(273,'2022-04-20',5,7),(274,'2022-04-20',7,7),(275,'2022-04-20',7,7),(276,'2022-04-20',16,7),(277,'2022-04-20',16,7),(278,'2022-04-20',9,11),(279,'2022-04-20',13,12),(280,'2022-04-20',16,11),(281,'2022-04-20',7,11),(282,'2022-04-20',16,11),(283,'2022-04-20',16,11),(284,'2022-04-20',16,11),(285,'2022-04-20',16,11),(286,'2022-04-20',16,12),(287,'2022-04-20',1,13),(288,'2022-04-20',3,13),(289,'2022-04-20',6,13),(290,'2022-04-20',16,12),(291,'2022-04-20',10,13),(292,'2022-04-20',8,13),(293,'2022-04-20',8,12),(294,'2022-04-20',3,12),(295,'2022-04-20',10,12),(296,'2022-04-20',21,12),(297,'2022-04-20',21,12),(298,'2022-04-20',17,12),(299,'2022-04-20',17,12),(300,'2022-04-20',18,12),(301,'2022-04-20',18,12),(302,'2022-04-20',19,12),(303,'2022-04-20',17,6),(304,'2022-04-20',17,6),(305,'2022-04-20',10,6),(306,'2022-04-20',19,12),(307,'2022-04-20',21,12),(308,'2022-04-20',9,6),(309,'2022-04-20',17,9),(310,'2022-04-20',16,6),(311,'2022-04-20',18,6),(312,'2022-04-20',17,9),(313,'2022-04-20',18,6),(314,'2022-04-20',16,6),(315,'2022-04-20',16,9),(316,'2022-04-20',2,6),(317,'2022-04-20',16,6),(318,'2022-04-20',20,6),(319,'2022-04-20',16,9),(320,'2022-04-20',20,6),(321,'2022-04-20',10,9),(322,'2022-04-20',19,6),(323,'2022-04-20',10,9),(324,'2022-04-20',19,6),(325,'2022-04-20',21,6),(326,'2022-04-20',9,9),(327,'2022-04-20',13,12),(328,'2022-04-20',9,9),(329,'2022-04-20',21,6),(330,'2022-04-20',5,6),(331,'2022-04-20',5,6),(332,'2022-04-20',20,6),(333,'2022-04-20',17,10),(334,'2022-04-20',17,10),(335,'2022-04-20',5,10),(336,'2022-04-20',5,10),(337,'2022-04-20',16,10),(338,'2022-04-20',16,10),(339,'2022-04-21',17,7),(340,'2022-04-21',18,7),(341,'2022-04-21',18,7),(342,'2022-04-21',18,13),(343,'2022-04-21',18,13),(344,'2022-04-21',25,13),(345,'2022-04-21',25,13),(346,'2022-04-21',25,11),(347,'2022-04-21',25,11),(348,'2022-04-21',1,11),(349,'2022-04-21',9,11),(350,'2022-04-21',9,11),(351,'2022-04-21',3,11),(352,'2022-04-21',16,11),(353,'2022-04-21',26,13),(354,'2022-04-21',26,13),(355,'2022-04-21',27,13),(356,'2022-04-21',27,13),(357,'2022-04-21',29,13),(358,'2022-04-21',29,13),(359,'2022-04-21',28,13),(360,'2022-04-21',28,13),(361,'2022-04-21',23,13),(362,'2022-04-21',23,13),(363,'2022-04-21',12,13),(364,'2022-04-21',12,13),(365,'2022-04-21',25,7),(366,'2022-04-21',25,7),(367,'2022-04-21',26,7),(368,'2022-04-21',26,7),(369,'2022-04-21',2,7),(370,'2022-04-21',29,7),(371,'2022-04-21',29,7),(372,'2022-04-21',25,6),(373,'2022-04-21',25,6),(374,'2022-04-21',29,6),(375,'2022-04-21',26,6),(376,'2022-04-21',25,6),(377,'2022-04-21',25,7),(378,'2022-04-21',29,6),(379,'2022-04-21',27,6),(380,'2022-04-21',27,6),(381,'2022-04-21',26,6),(382,'2022-04-21',28,6),(383,'2022-04-21',28,6),(384,'2022-04-21',5,6),(385,'2022-04-21',5,6),(386,'2022-04-21',25,6),(387,'2022-04-22',3,11),(388,'2022-04-22',11,11),(389,'2022-04-22',11,11),(390,'2022-04-22',12,11),(391,'2022-04-22',25,7),(392,'2022-04-22',12,11),(393,'2022-04-22',13,11),(394,'2022-04-22',13,11),(395,'2022-04-22',14,11),(396,'2022-04-22',8,6),(397,'2022-04-22',31,7),(398,'2022-04-22',10,7),(399,'2022-04-22',14,11),(400,'2022-04-22',8,6),(401,'2022-04-22',2,6),(402,'2022-04-22',22,11),(403,'2022-04-22',10,7),(404,'2022-04-22',6,7),(405,'2022-04-22',2,6),(406,'2022-04-22',31,7),(407,'2022-04-22',22,11),(408,'2022-04-22',23,11),(409,'2022-04-22',31,7),(410,'2022-04-22',31,13),(411,'2022-04-22',23,11),(412,'2022-04-22',31,13),(413,'2022-04-22',24,11),(414,'2022-04-22',26,13),(415,'2022-04-22',25,13),(416,'2022-04-22',8,13),(417,'2022-04-22',24,11),(418,'2022-04-22',22,13),(419,'2022-04-22',22,13),(420,'2022-04-22',1,6),(421,'2022-04-22',20,13),(422,'2022-04-22',1,6),(423,'2022-04-22',3,6),(424,'2022-04-22',20,13),(425,'2022-04-22',3,6),(426,'2022-04-22',6,6),(427,'2022-04-22',32,13),(428,'2022-04-22',6,6),(429,'2022-04-22',5,6),(430,'2022-04-22',32,13),(431,'2022-04-22',5,6),(432,'2022-04-22',9,6),(433,'2022-04-22',9,6),(434,'2022-04-22',9,6),(435,'2022-04-22',30,13),(436,'2022-04-22',16,6),(437,'2022-04-22',16,6),(438,'2022-04-22',10,6),(439,'2022-04-22',10,6),(440,'2022-04-22',30,13),(441,'2022-04-22',33,13),(442,'2022-04-22',33,13),(443,'2022-04-22',31,9),(444,'2022-04-22',31,9),(445,'2022-04-22',32,9),(446,'2022-04-22',32,9),(447,'2022-04-22',33,9),(448,'2022-04-22',33,9),(449,'2022-04-22',25,9),(450,'2022-04-22',25,9),(451,'2022-04-22',26,9),(452,'2022-04-22',26,9),(453,'2022-04-22',31,12),(454,'2022-04-22',31,12),(455,'2022-04-22',31,12),(456,'2022-04-22',33,12),(457,'2022-04-22',33,12),(458,'2022-04-22',25,12),(459,'2022-04-22',25,12),(460,'2022-04-22',26,12),(461,'2022-04-22',26,12),(462,'2022-04-22',32,12),(463,'2022-04-22',32,12),(464,'2022-04-22',34,12),(465,'2022-04-22',34,12),(466,'2022-04-22',25,12),(467,'2022-04-22',34,12),(468,'2022-04-22',34,12),(469,'2022-04-22',31,22),(470,'2022-04-22',6,22),(471,'2022-04-22',7,22),(472,'2022-04-22',7,22),(473,'2022-04-23',35,6),(474,'2022-04-23',35,6),(475,'2022-04-23',35,6),(476,'2022-04-23',8,6),(477,'2022-04-23',31,6),(478,'2022-04-23',31,6),(479,'2022-04-23',32,6),(480,'2022-04-23',32,6),(481,'2022-04-23',33,6),(482,'2022-04-23',33,6),(483,'2022-04-23',34,6),(484,'2022-04-23',34,6),(485,'2022-04-23',31,6),(486,'2022-04-23',35,11),(487,'2022-04-23',2,11),(488,'2022-04-23',3,11),(489,'2022-04-23',5,11),(490,'2022-04-23',6,11),(491,'2022-04-23',7,11),(492,'2022-04-23',11,11),(493,'2022-04-23',12,11),(494,'2022-04-23',13,11),(495,'2022-04-23',22,11),(496,'2022-04-23',24,11),(497,'2022-04-23',29,11),(498,'2022-04-23',30,11),(499,'2022-04-23',1,9),(500,'2022-04-23',1,9),(501,'2022-04-23',2,9),(502,'2022-04-23',2,9),(503,'2022-04-23',3,9),(504,'2022-04-23',3,9),(505,'2022-04-23',35,7),(506,'2022-04-23',5,9),(507,'2022-04-23',5,9),(508,'2022-04-23',35,7),(509,'2022-04-23',6,9),(510,'2022-04-23',35,7),(511,'2022-04-23',6,9),(512,'2022-04-23',7,9),(513,'2022-04-23',36,7),(514,'2022-04-23',7,9),(515,'2022-04-23',8,9),(516,'2022-04-23',36,7),(517,'2022-04-23',37,7),(518,'2022-04-23',8,9),(519,'2022-04-23',9,9),(520,'2022-04-23',37,7),(521,'2022-04-23',9,9),(522,'2022-04-23',10,9),(523,'2022-04-23',11,9),(524,'2022-04-23',11,9),(525,'2022-04-23',12,9),(526,'2022-04-23',12,9),(527,'2022-04-23',13,9),(528,'2022-04-23',13,9),(529,'2022-04-23',14,9),(530,'2022-04-23',14,9),(531,'2022-04-23',16,9),(532,'2022-04-23',16,9),(533,'2022-04-23',17,9),(534,'2022-04-23',17,9),(535,'2022-04-23',18,9),(536,'2022-04-23',35,13),(537,'2022-04-23',35,13),(538,'2022-04-23',36,13),(539,'2022-04-23',36,13),(540,'2022-04-23',38,13),(541,'2022-04-23',38,13),(542,'2022-04-23',18,9),(543,'2022-04-23',39,9),(544,'2022-04-23',39,9),(545,'2022-04-23',39,9),(546,'2022-04-23',3,9),(547,'2022-04-23',1,10),(548,'2022-04-23',1,10),(549,'2022-04-23',2,10),(550,'2022-04-23',2,10),(551,'2022-04-23',3,10),(552,'2022-04-23',3,10),(553,'2022-04-23',5,10),(554,'2022-04-23',5,10),(555,'2022-04-23',6,10),(556,'2022-04-23',6,10),(557,'2022-04-23',7,10),(558,'2022-04-23',7,10),(559,'2022-04-23',8,10),(560,'2022-04-23',8,10),(561,'2022-04-23',9,10),(562,'2022-04-23',9,10),(563,'2022-04-23',10,10),(564,'2022-04-23',10,10),(565,'2022-04-23',11,10),(566,'2022-04-23',11,10),(567,'2022-04-23',12,10),(568,'2022-04-23',12,10),(569,'2022-04-23',13,10),(570,'2022-04-23',13,10),(571,'2022-04-23',14,10),(572,'2022-04-23',14,10),(573,'2022-04-23',16,10),(574,'2022-04-23',16,10),(575,'2022-04-23',17,10),(576,'2022-04-23',18,10),(577,'2022-04-23',18,10),(578,'2022-04-23',19,10),(579,'2022-04-23',19,10),(580,'2022-04-23',20,10),(581,'2022-04-23',20,10),(582,'2022-04-23',21,10),(583,'2022-04-23',21,10),(584,'2022-04-23',22,10),(585,'2022-04-23',22,10),(586,'2022-04-23',23,10),(587,'2022-04-23',23,10),(588,'2022-04-23',24,10),(589,'2022-04-23',25,10),(590,'2022-04-23',25,10),(591,'2022-04-23',26,10),(592,'2022-04-23',26,10),(593,'2022-04-23',27,10),(594,'2022-04-23',27,10),(595,'2022-04-23',28,10),(596,'2022-04-23',28,10),(597,'2022-04-23',32,10),(598,'2022-04-23',35,10),(599,'2022-04-23',37,10),(600,'2022-04-23',37,10),(601,'2022-04-23',38,10),(602,'2022-04-23',38,10),(603,'2022-04-23',36,10),(604,'2022-04-23',36,10),(605,'2022-04-23',35,10),(606,'2022-04-23',35,10),(607,'2022-04-24',32,7),(608,'2022-04-24',32,7),(609,'2022-04-24',32,7),(610,'2022-04-24',32,7),(611,'2022-04-24',38,7),(612,'2022-04-24',38,7),(613,'2022-04-24',1,7),(614,'2022-04-24',1,7),(615,'2022-04-24',1,7),(616,'2022-04-24',1,7),(617,'2022-04-24',1,7),(618,'2022-04-24',1,7),(619,'2022-04-24',1,7),(620,'2022-04-24',1,7),(621,'2022-04-24',1,7),(622,'2022-04-24',1,7),(623,'2022-04-24',8,7),(624,'2022-04-24',1,7),(625,'2022-04-24',1,7),(626,'2022-04-24',35,7),(627,'2022-04-24',35,11),(628,'2022-04-24',35,11),(629,'2022-04-24',35,11),(630,'2022-04-24',36,11),(631,'2022-04-24',36,11),(632,'2022-04-24',37,11),(633,'2022-04-24',37,11),(634,'2022-04-24',38,11),(635,'2022-04-24',35,7),(636,'2022-04-24',38,11),(637,'2022-04-24',37,7),(638,'2022-04-24',31,11),(639,'2022-04-24',31,11),(640,'2022-04-24',31,11),(641,'2022-04-24',31,11),(642,'2022-04-24',35,11),(643,'2022-04-24',35,6),(644,'2022-04-24',35,6),(645,'2022-04-24',26,11),(646,'2022-04-24',26,11),(647,'2022-04-24',36,6),(648,'2022-04-24',36,6),(649,'2022-04-24',37,6),(650,'2022-04-24',37,6),(651,'2022-04-24',38,6),(652,'2022-04-24',38,6),(653,'2022-04-24',31,6),(654,'2022-04-24',31,6),(655,'2022-04-24',35,12),(656,'2022-04-24',35,12),(657,'2022-04-24',35,12),(658,'2022-04-24',36,12),(659,'2022-04-24',36,12),(660,'2022-04-24',37,12),(661,'2022-04-24',37,12),(662,'2022-04-24',38,12),(663,'2022-04-24',38,12),(664,'2022-04-24',35,12),(665,'2022-04-24',35,12),(666,'2022-04-24',35,12),(667,'2022-04-24',7,12),(668,'2022-04-24',35,24),(669,'2022-04-24',35,24),(670,'2022-04-24',36,24),(671,'2022-04-24',36,24),(672,'2022-04-24',1,23),(673,'2022-04-24',37,24),(674,'2022-04-24',37,24),(675,'2022-04-24',37,24),(676,'2022-04-24',41,12),(677,'2022-04-24',38,24),(678,'2022-04-24',1,23),(679,'2022-04-24',41,12),(680,'2022-04-24',41,12),(681,'2022-04-24',38,24),(682,'2022-04-24',40,12),(683,'2022-04-24',31,24),(684,'2022-04-24',40,23),(685,'2022-04-24',40,23),(686,'2022-04-24',40,23),(687,'2022-04-24',40,12),(688,'2022-04-24',37,12),(689,'2022-04-24',31,24),(690,'2022-04-24',40,24),(691,'2022-04-24',40,24),(692,'2022-04-24',41,24),(693,'2022-04-24',41,23),(694,'2022-04-24',41,24),(695,'2022-04-24',41,23),(696,'2022-04-24',40,10),(697,'2022-04-24',40,10),(698,'2022-04-24',41,10),(699,'2022-04-24',41,10),(700,'2022-04-24',35,10),(701,'2022-04-24',35,10),(702,'2022-04-24',40,9),(703,'2022-04-24',40,9),(704,'2022-04-24',41,9),(705,'2022-04-24',41,9),(706,'2022-04-24',42,9),(707,'2022-04-24',42,9),(708,'2022-04-24',42,10),(709,'2022-04-24',41,23),(710,'2022-04-24',42,10),(711,'2022-04-24',40,10),(712,'2022-04-24',35,10),(713,'2022-04-24',35,10),(714,'2022-04-24',36,10),(715,'2022-04-24',41,23),(716,'2022-04-24',36,10),(717,'2022-04-24',40,23),(718,'2022-04-24',40,23),(719,'2022-04-24',40,23),(720,'2022-04-24',40,23),(721,'2022-04-24',40,23),(722,'2022-04-24',41,23),(723,'2022-04-24',41,23),(724,'2022-04-24',36,23),(725,'2022-04-24',36,23),(726,'2022-04-24',36,23),(727,'2022-04-24',40,23),(728,'2022-04-24',40,23),(729,'2022-04-24',42,23),(730,'2022-04-24',42,23),(731,'2022-04-24',42,23),(732,'2022-04-24',42,23),(733,'2022-04-24',42,23),(734,'2022-04-24',40,23),(735,'2022-04-25',1,7),(736,'2022-04-25',40,7),(737,'2022-04-25',40,7),(738,'2022-04-25',10,7),(739,'2022-04-25',35,7),(740,'2022-04-25',41,7),(741,'2022-04-25',41,7),(742,'2022-04-26',40,7),(743,'2022-04-26',40,7),(744,'2022-04-26',43,12),(745,'2022-04-26',43,12),(746,'2022-04-26',40,12),(747,'2022-04-26',41,12),(748,'2022-04-26',42,12),(749,'2022-04-26',43,6),(750,'2022-04-26',44,12),(751,'2022-04-26',43,6),(752,'2022-04-26',44,12),(753,'2022-04-26',44,6),(754,'2022-04-26',45,12),(755,'2022-04-26',44,6),(756,'2022-04-26',40,6),(757,'2022-04-26',40,6),(758,'2022-04-26',41,6),(759,'2022-04-26',41,6),(760,'2022-04-26',42,6),(761,'2022-04-26',42,6),(762,'2022-04-26',42,6),(763,'2022-04-26',46,7),(764,'2022-04-26',42,6),(765,'2022-04-26',46,7),(766,'2022-04-26',44,7),(767,'2022-04-26',44,7),(768,'2022-04-26',43,12),(769,'2022-04-26',44,12),(770,'2022-04-26',45,12),(771,'2022-04-26',46,12),(772,'2022-04-26',45,7),(773,'2022-04-26',44,7),(774,'2022-04-26',43,7),(775,'2022-04-26',45,7),(776,'2022-04-26',45,7),(777,'2022-04-26',45,7),(778,'2022-04-26',36,7),(779,'2022-04-26',36,7),(780,'2022-04-26',43,9),(781,'2022-04-26',43,9),(782,'2022-04-26',44,9),(783,'2022-04-26',44,9),(784,'2022-04-26',45,9),(785,'2022-04-26',45,9),(786,'2022-04-26',46,9),(787,'2022-04-26',46,9),(788,'2022-04-26',40,9),(789,'2022-04-26',40,9),(790,'2022-04-26',43,10),(791,'2022-04-26',43,10),(792,'2022-04-26',44,10),(793,'2022-04-26',44,10),(794,'2022-04-26',45,10),(795,'2022-04-26',45,10),(796,'2022-04-26',46,10),(797,'2022-04-26',46,10),(798,'2022-04-26',43,24),(799,'2022-04-26',43,24),(800,'2022-04-26',44,24),(801,'2022-04-26',44,24),(802,'2022-04-26',45,24),(803,'2022-04-26',45,24),(804,'2022-04-26',46,24),(805,'2022-04-26',46,24),(806,'2022-04-26',43,11),(807,'2022-04-26',43,11),(808,'2022-04-26',44,11),(809,'2022-04-26',44,11),(810,'2022-04-26',45,11),(811,'2022-04-26',45,11),(812,'2022-04-26',46,11),(813,'2022-04-26',46,11),(814,'2022-04-26',44,12),(815,'2022-04-26',44,12),(816,'2022-04-26',45,12),(817,'2022-04-26',45,12),(818,'2022-04-27',50,7),(819,'2022-04-27',48,11),(820,'2022-04-27',48,6),(821,'2022-04-27',48,6),(822,'2022-04-27',48,11),(823,'2022-04-27',50,7),(824,'2022-04-27',49,11),(825,'2022-04-27',50,7),(826,'2022-04-27',43,6),(827,'2022-04-27',51,7),(828,'2022-04-27',6,7),(829,'2022-04-27',49,11),(830,'2022-04-27',50,11),(831,'2022-04-27',43,6),(832,'2022-04-27',51,7),(833,'2022-04-27',51,6),(834,'2022-04-27',50,11),(835,'2022-04-27',51,6),(836,'2022-04-27',50,11),(837,'2022-04-27',48,11),(838,'2022-04-27',49,11),(839,'2022-04-27',51,11),(840,'2022-04-27',51,11),(841,'2022-04-27',51,7),(842,'2022-04-27',43,11),(843,'2022-04-27',43,11),(844,'2022-04-27',3,7),(845,'2022-04-27',3,7),(846,'2022-04-27',3,7),(847,'2022-04-27',43,11),(848,'2022-04-27',1,7),(849,'2022-04-27',44,11),(850,'2022-04-27',51,6),(851,'2022-04-27',1,7),(852,'2022-04-27',51,6),(853,'2022-04-27',6,7),(854,'2022-04-27',49,6),(855,'2022-04-27',44,11),(856,'2022-04-27',16,7),(857,'2022-04-27',45,11),(858,'2022-04-27',49,6),(859,'2022-04-27',50,6),(860,'2022-04-27',50,6),(861,'2022-04-27',16,7),(862,'2022-04-27',45,11),(863,'2022-04-27',10,7),(864,'2022-04-27',46,11),(865,'2022-04-27',10,7),(866,'2022-04-27',16,7),(867,'2022-04-27',46,11),(868,'2022-04-27',40,11),(869,'2022-04-27',40,11),(870,'2022-04-27',41,11),(871,'2022-04-27',41,11),(872,'2022-04-27',48,10),(873,'2022-04-27',48,10),(874,'2022-04-27',49,10),(875,'2022-04-27',49,10),(876,'2022-04-27',50,10),(877,'2022-04-27',50,10),(878,'2022-04-27',51,10),(879,'2022-04-27',51,10),(880,'2022-04-27',43,10),(881,'2022-04-27',43,10),(882,'2022-04-27',48,9),(883,'2022-04-27',48,9),(884,'2022-04-27',49,9),(885,'2022-04-27',49,9),(886,'2022-04-27',50,9),(887,'2022-04-27',50,9),(888,'2022-04-27',51,9),(889,'2022-04-27',51,9),(890,'2022-04-27',43,9),(891,'2022-04-27',43,9),(892,'2022-04-27',48,12),(893,'2022-04-27',48,12),(894,'2022-04-27',16,12),(895,'2022-04-28',1,8),(896,'2022-04-28',48,7),(897,'2022-04-28',48,7),(898,'2022-04-28',49,7),(899,'2022-04-28',46,7),(900,'2022-04-28',51,7),(901,'2022-04-28',40,7),(902,'2022-04-28',40,7),(903,'2022-04-28',9,7),(904,'2022-04-28',52,7),(905,'2022-04-28',52,7),(906,'2022-04-28',52,7),(907,'2022-04-28',52,6),(908,'2022-04-28',52,6),(909,'2022-04-28',48,6),(910,'2022-04-28',51,6),(911,'2022-04-28',51,6),(912,'2022-04-28',50,6),(913,'2022-04-28',49,6),(914,'2022-04-28',49,6),(915,'2022-04-28',52,10),(916,'2022-04-28',52,12),(917,'2022-04-28',52,12),(918,'2022-04-28',48,12),(919,'2022-04-28',48,12),(920,'2022-04-28',51,12),(921,'2022-04-28',51,12),(922,'2022-04-28',51,12),(923,'2022-04-28',52,24),(924,'2022-04-28',52,24),(925,'2022-04-28',52,24),(926,'2022-04-28',52,24),(927,'2022-04-28',52,24),(928,'2022-04-28',52,9),(929,'2022-04-28',48,24),(930,'2022-04-28',48,24),(931,'2022-04-28',48,24),(932,'2022-04-28',52,9),(933,'2022-04-28',48,24),(934,'2022-04-28',57,9),(935,'2022-04-28',57,9),(936,'2022-04-28',48,9),(937,'2022-04-28',48,9),(938,'2022-04-28',50,9),(939,'2022-04-28',50,9),(940,'2022-04-28',7,24),(941,'2022-04-28',58,9),(942,'2022-04-28',7,24),(943,'2022-04-28',58,9),(944,'2022-04-28',7,24),(945,'2022-04-28',52,24),(946,'2022-04-28',50,24),(947,'2022-04-28',50,24),(948,'2022-04-28',1,24),(949,'2022-04-28',1,24),(950,'2022-04-28',3,24),(951,'2022-04-28',52,11),(952,'2022-04-28',52,11),(953,'2022-04-28',3,24),(954,'2022-04-28',35,24),(955,'2022-04-28',35,24),(956,'2022-04-28',35,24),(957,'2022-04-28',5,24),(958,'2022-04-28',5,24),(959,'2022-04-28',9,24),(960,'2022-04-28',9,24),(961,'2022-04-28',16,24),(962,'2022-04-28',16,24),(963,'2022-04-28',40,24),(964,'2022-04-28',40,24),(965,'2022-04-28',40,24),(966,'2022-04-28',10,24),(967,'2022-04-28',10,24),(968,'2022-04-28',10,24),(969,'2022-04-28',52,24),(970,'2022-04-28',52,24),(971,'2022-04-29',52,12),(972,'2022-04-29',52,12),(973,'2022-04-29',58,12),(974,'2022-04-29',58,12),(975,'2022-04-29',61,12),(976,'2022-04-29',61,12),(977,'2022-04-29',62,12),(978,'2022-04-29',62,12),(979,'2022-04-29',57,12),(980,'2022-04-29',3,12),(981,'2022-04-29',3,12),(982,'2022-04-29',3,12),(983,'2022-04-29',3,12),(984,'2022-04-29',3,12),(985,'2022-04-29',64,12),(986,'2022-04-30',1,8),(987,'2022-04-30',1,8),(988,'2022-04-30',1,8),(989,'2022-04-30',52,8),(990,'2022-04-30',1,8);

/*Table structure for table `comment` */

DROP TABLE IF EXISTS `comment`;

CREATE TABLE `comment` (
  `id` int(11) NOT NULL AUTO_INCREMENT,
  `attitude` varchar(50) DEFAULT NULL,
  `create_time` date DEFAULT NULL,
  `topic_id` int(11) DEFAULT NULL,
  `user_id` int(11) DEFAULT NULL,
  `comment` text,
  `sentiment` varchar(50) DEFAULT NULL,
  `emotion` float DEFAULT '0',
  PRIMARY KEY (`id`),
  KEY `topic_id` (`topic_id`),
  KEY `user_id` (`user_id`),
  CONSTRAINT `comment_ibfk_1` FOREIGN KEY (`topic_id`) REFERENCES `topic` (`id`),
  CONSTRAINT `comment_ibfk_2` FOREIGN KEY (`user_id`) REFERENCES `user` (`id`)
) ENGINE=InnoDB AUTO_INCREMENT=338 DEFAULT CHARSET=utf8mb4;

/*Data for the table `comment` */

insert  into `comment`(`id`,`attitude`,`create_time`,`topic_id`,`user_id`,`comment`,`sentiment`,`emotion`) values (1,'伤心欲绝','2022-01-28',2,7,'我考的不好！！！！！','negative',0.9538),(2,'喜闻乐见','2022-01-28',2,7,'我同桌考得更差，哈哈哈哈哈哈哈哈哈哈','positive',0.4074),(3,'喜闻乐见','2022-04-16',3,7,'老师，我生活很舒坦，完全没有困难~啊哈哈哈哈哈','positive',0.0085),(4,'喜闻乐见','2022-04-16',3,7,'不知道其他人啥情况，反正我没问题，happy','positive',0.2231),(5,'伤心欲绝','2022-04-17',5,7,'我心态崩了，数学作业也很难！！！！！怎么出的题！！！','negative',0.9821),(6,'喜闻乐见','2022-04-17',1,7,'还挺好吃的，起码比隔壁学校食堂好多了','positive',0.1564),(7,'伤心欲绝','2022-04-19',5,11,'就是的啊，这么难两个小时我都没写完，我真的很无语','negative',0.9848),(8,'佛系无感','2022-04-19',2,11,'我感觉还好啊，只是有的题目比较绕，并不是特别难。','positive',0.2677),(9,'伤心欲绝','2022-04-19',3,11,'二餐厅给的饭太少了，我每次都吃不饱，到半夜的时候就开始饿，真的生气！','negative',0.989),(10,'伤心欲绝','2022-04-19',1,11,'给的量太少了，有的时候吃不饱，半夜就会饿，心里真的很难受','negative',0.9761),(11,'伤心欲绝','2022-04-19',1,11,'给的量太少了，有的时候吃不饱，半夜就会饿，心里真的很难受','negative',0.9761),(12,'伤心欲绝','2022-04-19',3,14,'想透瓜瓜怎么办','negative',0.5587),(13,'喜闻乐见','2022-04-19',6,13,'瓜真的好吃，起飞！！','positive',0.1688),(14,'头次听说','2022-04-19',1,13,'我都是从外面定外卖吃，从来没去过自己学校的食堂','positive',0.4573),(15,'伤心欲绝','2022-04-19',3,13,'老师，我数学微积分不会做，这可咋办？？？？可是你是物理老师','negative',0.8157),(16,'喜闻乐见','2022-04-19',5,13,'开玩笑，我可是物理课代表！！完全没有问题，太简单啦','positive',0.4573),(17,'头次听说','2022-04-19',6,11,'听说咱们体育老师找了个女朋友哈哈哈哈哈哈哈哈！','positive',0.0198),(18,'伤心欲绝','2022-04-19',2,13,'太难过了，没考满分，回家就得挨揍了','positive',0.0839),(19,'头次听说','2022-04-19',6,11,'听说咱们体育老师找了个女朋友哈哈哈哈哈哈哈哈！','positive',0.0198),(20,'佛系无感','2022-04-19',7,11,'对不起，老师！我没有认真复习求求你帮帮我吧！','negative',0.9846),(21,'伤心欲绝','2022-04-19',8,13,'棍儿哥和杆儿哥数学教学水平都很高，就是我有点笨听不懂罢了....对于学霸来说确实很不错','positive',0.0804),(22,'喜闻乐见','2022-04-19',9,13,'确实，有个论坛很方便，交流一波作业！！！啊哈哈哈哈哈','positive',0.0115),(23,'伤心欲绝','2022-04-19',10,11,'我丢了一个笔袋呜呜呜呜，伤心死了，谁可以帮帮我找找嘛。','negative',0.9429),(24,'伤心欲绝','2022-04-19',10,13,'我丢了我的心，这算不算。。','negative',0.5686),(25,'头次听说','2022-04-19',7,13,'啥玩意？？？明天考物理，我咋不知道，我靠','negative',0.9921),(26,'头次听说','2022-04-19',6,12,'莫？说来听听','negative',0.9165),(27,'喜闻乐见','2022-04-19',7,12,'哈哈 物理太简单辣','positive',0.1916),(28,'伤心欲绝','2022-04-19',8,12,'啊 你好厉害 我学数学快疯了:( ','positive',0.4642),(29,'喜闻乐见','2022-04-19',9,12,'可以随时网上冲浪辣','positive',0.077),(30,'伤心欲绝','2022-04-19',10,12,'上网课我丢了我的魂','negative',0.7043),(31,'佛系无感','2022-04-19',11,12,'qwq 一块来唠嗑哇','positive',0.4334),(32,'喜闻乐见','2022-04-19',6,15,'我喜欢吃瓜！我喜欢吃东瓜西瓜南瓜北瓜！','positive',0.0362),(33,'佛系无感','2022-04-19',1,12,'好贵 我宁愿饿着','negative',0.9638),(34,'伤心欲绝','2022-04-19',3,12,'王老师我作业不会做 呜呜呜','positive',0.2408),(35,'佛系无感','2022-04-19',7,15,'这不有手就行，还用复习？','negative',0.9795),(36,'头次听说','2022-04-19',8,15,'太厉害了！用了两节课就教会了我十以内加减法！','negative',0.5842),(37,'喜闻乐见','2022-04-19',1,13,'我倒觉得很好吃，可能以前吃的太差了，毕竟早就流浪去了','negative',0.6217),(38,'喜闻乐见','2022-04-19',9,15,'：D','positive',0.4963),(39,'伤心欲绝','2022-04-19',10,15,'我的账号丢了！严重怀疑有同学盗号！','negative',0.9969),(40,'佛系无感','2022-04-19',1,15,'有口吃的就行了，人活着要有信仰！','positive',0.1465),(41,'佛系无感','2022-04-19',3,15,'老师，十以内的加减法我学会了，啥时候能教我减法？','positive',0.4227),(42,'头次听说','2022-04-19',2,15,'啊？期末考试了吗？','negative',0.9856),(43,'头次听说','2022-04-19',5,15,'好学生从不写作业','positive',0.169),(44,'佛系无感','2022-04-19',6,20,'你这瓜保熟吗，我想砍了他？','negative',0.9985),(45,'佛系无感','2022-04-19',5,20,'不写，我要逃课，不许给我告老师噢','negative',0.5052),(46,'喜闻乐见','2022-04-19',6,6,'张某某大傻der','negative',0.6758),(47,'佛系无感','2022-04-19',1,6,'太贵了，买不起的东西如此美丽，可是我的钱包稳如泰山','negative',0.7483),(48,'佛系无感','2022-04-19',9,6,'有人写的网站bug真多','negative',0.7578),(49,'伤心欲绝','2022-04-19',16,7,'我代表情感分析算法鄙视你！！！','negative',0.8987),(50,'佛系无感','2022-04-19',1,22,'不知道吃啥了都','negative',0.8078),(51,'佛系无感','2022-04-19',3,22,'生活无趣','negative',0.8578),(52,'佛系无感','2022-04-19',6,22,'你倒是说一下啥瓜啊','negative',0.9664),(53,'佛系无感','2022-04-19',5,22,'从来就不知道什么是作业','negative',0.8886),(54,'佛系无感','2022-04-19',2,22,'拉跨','negative',0.7087),(55,'佛系无感','2022-04-19',7,22,'不用怕，肯定会不及格','positive',0.1476),(56,'佛系无感','2022-04-19',9,22,'交流啥','positive',0.1023),(57,'佛系无感','2022-04-19',10,22,'谁看见我女朋友了','negative',0.8506),(58,'佛系无感','2022-04-19',8,22,'兵哥yyds','negative',0.624),(59,'佛系无感','2022-04-19',11,22,'nb666','negative',0.624),(60,'佛系无感','2022-04-19',16,22,'no','negative',0.8564),(61,'佛系无感','2022-04-19',13,22,'happy','positive',0.0187),(62,'佛系无感','2022-04-19',12,22,'真的','negative',0.5261),(63,'佛系无感','2022-04-19',14,22,'老师没错你错了','positive',0.1257),(64,'伤心欲绝','2022-04-20',6,7,'你就是骗流量的','negative',0.9763),(65,'佛系无感','2022-04-20',8,7,'老师教的也太好了吧。爱了爱了','positive',0.0236),(66,'喜闻乐见','2022-04-20',9,7,'哈哈哈哈，疫情搞得太难受了，终于有个地方能吐槽了','positive',0.1683),(67,'头次听说','2022-04-20',17,7,'操场现在让进去打球吗？我好想打球','negative',0.5445),(68,'伤心欲绝','2022-04-20',7,7,'指定要完蛋了，该死的物理','negative',0.9693),(69,'佛系无感','2022-04-20',16,11,'不要跟我谈吃的，可恶我已经饿了，烦死你了','negative',0.9929),(70,'伤心欲绝','2022-04-20',16,12,'肯德基 我的肯德基','negative',0.6981),(71,'佛系无感','2022-04-20',21,12,'过一天是一天嘛','negative',0.5419),(72,'喜闻乐见','2022-04-20',17,12,'我我我','positive',0.3734),(73,'喜闻乐见','2022-04-20',18,12,'我我我','positive',0.3734),(74,'佛系无感','2022-04-20',17,6,'没有，对体育不感兴趣','negative',0.984),(75,'喜闻乐见','2022-04-20',19,12,'我直接花钱让袁哥帮我做完啦','negative',0.5631),(76,'伤心欲绝','2022-04-20',17,9,'我都快哭了，我在宿舍里待了好久了，我也要去打羽毛球','positive',0.0429),(77,'佛系无感','2022-04-20',18,6,'没有，不会','negative',0.9653),(78,'喜闻乐见','2022-04-20',16,9,'嘿嘿嘿我也要吃！肯德基我的最爱哈哈哈哈哈哈哈哈哈哈','positive',0.0073),(79,'佛系无感','2022-04-20',20,6,'摸鱼就完了','negative',0.8453),(80,'伤心欲绝','2022-04-20',10,9,'我的文具盒也丢了可恶啊呜呜呜呜呜','negative',0.9477),(81,'佛系无感','2022-04-20',19,6,'找张某人代做','positive',0.4034),(82,'喜闻乐见','2022-04-20',9,9,'哈哈哈哈哈哈太好了，有地方可以认识新的同学啦哈哈哈','positive',0.0034),(83,'佛系无感','2022-04-20',21,6,'不，不知道不知道，我什么都不知道(´･×･` )','negative',0.9659),(84,'佛系无感','2022-04-20',5,6,'不会有人还学物理吧','negative',0.9492),(85,'头次听说','2022-04-20',17,10,'老师不是让好好学习 不能去操场了吗','negative',0.9886),(86,'喜闻乐见','2022-04-20',5,10,'哈 我早就做完啦','positive',0.1005),(87,'伤心欲绝','2022-04-20',16,10,'？？？','negative',0.9904),(88,'喜闻乐见','2022-04-21',18,7,'哈哈哈哈我想打牌！加我一个','positive',0.0274),(89,'伤心欲绝','2022-04-21',18,13,'我不会打牌，你们愿意教我吗？估计也嫌我麻烦','negative',0.9924),(90,'伤心欲绝','2022-04-21',25,13,'哭了！！！！！！！！！！！！！！！！！','positive',0.3528),(91,'喜闻乐见','2022-04-21',25,11,'这不是信手拈来嘛哈哈哈哈哈哈','positive',0.2703),(92,'喜闻乐见','2022-04-21',9,11,'确实太好啦哈哈哈哈哈哈哈哈哈终于能说说话啦','positive',0.0128),(93,'喜闻乐见','2022-04-21',26,13,'啊哈哈哈哈哈哈我看见了，我就猜有人会中招','positive',0.0199),(94,'伤心欲绝','2022-04-21',27,13,'我也是，累死了，也不知道体测有啥用','negative',0.8333),(95,'喜闻乐见','2022-04-21',29,13,'啊哈，我没看见，但你的水杯是粉色的，就离谱','negative',0.6963),(96,'伤心欲绝','2022-04-21',28,13,'我爱莫能助，毕竟我不学物理','negative',0.5129),(97,'头次听说','2022-04-21',23,13,'啊。。我倒是刚刚及格，真的侥幸','negative',0.8999),(98,'喜闻乐见','2022-04-21',12,13,'我靠！！怪不得他这么开心','positive',0.2008),(99,'佛系无感','2022-04-21',25,7,'同情你，我直接买的，不贵，几百块钱还带文章','negative',0.9536),(100,'佛系无感','2022-04-21',26,7,'不会吧不会吧，哈哈哈哈哈哈','positive',0.2032),(101,'佛系无感','2022-04-21',29,7,'楼上不说我还没注意，你是粉色杯子','negative',0.5254),(102,'佛系无感','2022-04-21',25,6,'好欸','positive',0.0333),(103,'佛系无感','2022-04-21',25,6,'好欸','positive',0.0333),(104,'佛系无感','2022-04-21',29,6,'好家伙猛男粉红色','positive',0.229),(105,'佛系无感','2022-04-21',26,6,'真倒霉','negative',0.9956),(106,'佛系无感','2022-04-21',27,6,'我想打人','negative',0.9751),(107,'佛系无感','2022-04-21',28,6,'收一个二手的','negative',0.8929),(108,'佛系无感','2022-04-21',5,6,'没有，我能打人吗！！！','negative',0.9964),(109,'喜闻乐见','2022-04-22',11,11,'终于有一天没作业啦，太好了！！！','positive',0.0312),(110,'喜闻乐见','2022-04-22',12,11,'震惊！！！老师终于不用一个人了嘛哈哈哈哈哈哈','positive',0.0276),(111,'喜闻乐见','2022-04-22',13,11,'哈哈哈哈哈哈你瞎说，我才没有','positive',0.0798),(112,'头次听说','2022-04-22',14,11,'原来是真的嘛，我最开始只是感觉有点不对，没想到原来是真的','negative',0.5103),(113,'佛系无感','2022-04-22',8,6,'牛哇牛哇','negative',0.624),(114,'喜闻乐见','2022-04-22',10,7,'我没丢东西，就是来看看，哈哈哈','positive',0.1007),(115,'佛系无感','2022-04-22',2,6,'一般般哎','negative',0.9602),(116,'伤心欲绝','2022-04-22',22,11,'最近在换季节，确实很容易就会感冒的，要注意身体呀！！','positive',0.1573),(117,'喜闻乐见','2022-04-22',31,7,'顶一顶自己，不要沉贴','negative',0.5185),(118,'喜闻乐见','2022-04-22',23,11,'你这一看就是没有好好复习吧哈哈哈哈哈，我都考到优秀了','positive',0.158),(119,'喜闻乐见','2022-04-22',31,13,'啊哈，我是负责后端的，我不管前端，哈哈哈哈哈哈哈','positive',0.0156),(120,'头次听说','2022-04-22',24,11,'你可以跟老师好好说说的，体育锻炼对一个人来说也是很重要的呀','positive',0.0587),(121,'伤心欲绝','2022-04-22',22,13,'我也不太舒服，有点冷，流鼻涕','negative',0.9013),(122,'佛系无感','2022-04-22',1,6,'贵就一个字','negative',0.8315),(123,'伤心欲绝','2022-04-22',20,13,'开玩笑，简直是太低了！！！！根本学不下去','negative',0.9987),(124,'佛系无感','2022-04-22',3,6,'快递进不来怎么办','negative',0.9131),(125,'佛系无感','2022-04-22',6,6,'吃，不吃白不吃','negative',0.6657),(126,'佛系无感','2022-04-22',32,13,'很难吗？还好我没去，直接躺平，开摆！','negative',0.976),(127,'佛系无感','2022-04-22',5,6,'没有，自己动手，丰衣足食','negative',0.9054),(128,'佛系无感','2022-04-22',9,6,'好欸','positive',0.0333),(129,'佛系无感','2022-04-22',16,6,'吃，谁请客','negative',0.538),(130,'佛系无感','2022-04-22',10,6,'我的男朋友丢了怎么办','negative',0.7567),(131,'伤心欲绝','2022-04-22',30,13,'我是学计算机的，你问我化学？不会！','negative',0.9884),(132,'喜闻乐见','2022-04-22',33,13,'太好了!学校肉眼可见的在进步！我也要好好学习天天向上','positive',0.0101),(133,'头次听说','2022-04-22',31,9,'加油啊冕哥！！再过几天就要结束啦哈哈哈哈','positive',0.0047),(134,'伤心欲绝','2022-04-22',32,9,'我也感觉实验很难做可恶啊！！！！怎么办怎么办','negative',0.9834),(135,'伤心欲绝','2022-04-22',33,9,'那会不会作业变得更多呀可恶，呜呜呜呜呜呜呜伤心','negative',0.9142),(136,'伤心欲绝','2022-04-22',25,9,'我也做不完了呜呜呜呜呜呜呜呜呜呜呜怎么办呀','positive',0.2219),(137,'喜闻乐见','2022-04-22',26,9,'哈哈哈哈哈哈哈对不起我也想笑','positive',0.3197),(138,'喜闻乐见','2022-04-22',31,12,'加油啊冕哥！！再过几天就要结束啦哈哈哈哈','positive',0.0047),(139,'喜闻乐见','2022-04-22',31,12,'加油啊冕哥！！再过几天就要结束啦哈哈哈哈','positive',0.0047),(140,'喜闻乐见','2022-04-22',31,12,'加油啊冕哥！！再过几天就要结束啦哈哈哈哈','positive',0.0047),(141,'佛系无感','2022-04-22',31,12,'冕哥好厉害','positive',0.3671),(142,'头次听说','2022-04-22',33,12,'哦 是谁啊','negative',0.6858),(143,'伤心欲绝','2022-04-22',25,12,'好痛苦 我不会做 好想死','negative',0.9065),(144,'喜闻乐见','2022-04-22',26,12,'哈哈哈哈哈哈哈哈哈哈哈哈哈哈哈哈哈哈哈哈哈哈哈哈哈哈哈哈哈哈哈哈哈哈哈哈哈哈哈哈哈哈哈哈哈哈哈哈哈哈哈','positive',0.0105),(145,'喜闻乐见','2022-04-22',32,12,'摸摸你 加油！','positive',0.0196),(146,'佛系无感','2022-04-22',34,12,'顶顶我自己','positive',0.0673),(147,'佛系无感','2022-04-23',35,6,'玩嘛，开摆','positive',0.3776),(148,'佛系无感','2022-04-23',31,6,'抱抱猪头','positive',0.0673),(149,'佛系无感','2022-04-23',32,6,'多做两遍?','negative',0.7397),(150,'佛系无感','2022-04-23',33,6,'where?让我康康','negative',0.6759),(151,'佛系无感','2022-04-23',34,6,'抄还这么大胆，不应该悄咪咪的吗','negative',0.9283),(152,'佛系无感','2022-04-23',1,9,'我感觉二餐二楼三餐二楼都有不少好吃的哈哈哈哈哈','positive',0.0253),(153,'伤心欲绝','2022-04-23',2,9,'什么期末考试，我已经在准备补考了，太难受了','negative',0.8226),(154,'伤心欲绝','2022-04-23',3,9,'学习学不懂，也不能出去玩，也不能快递进来好吃的，我已经快疯了','negative',0.931),(155,'佛系无感','2022-04-23',5,9,'我感觉一点也不难！','negative',0.7446),(156,'头次听说','2022-04-23',35,7,'不会吧，你这个年纪怎么睡得着觉？','negative',0.9947),(157,'喜闻乐见','2022-04-23',6,9,'嘿嘿嘿','positive',0.0081),(158,'佛系无感','2022-04-23',7,9,'我感觉没啥啊','negative',0.8825),(159,'佛系无感','2022-04-23',36,7,'我靠，他们怎么来学校了，好恐怖','negative',0.9326),(160,'喜闻乐见','2022-04-23',8,9,'就是说啊，数学老师也太好了吧','positive',0.0084),(161,'喜闻乐见','2022-04-23',37,7,'真的假的，太好了，这些天太无聊了','negative',0.8198),(162,'喜闻乐见','2022-04-23',9,9,'来呀来呀哈哈哈哈哈','positive',0.0211),(163,'头次听说','2022-04-23',11,9,'震惊，这可真的是第一次了奥','positive',0.3061),(164,'喜闻乐见','2022-04-23',12,9,'震惊！太好啦哈哈哈哈哈','positive',0.0061),(165,'喜闻乐见','2022-04-23',13,9,'happyhappy','negative',0.607),(166,'头次听说','2022-04-23',14,9,'我感觉老师好像也没错','positive',0.0821),(167,'喜闻乐见','2022-04-23',16,9,'不管怎么说，我现在真的真的好饿','positive',0.0408),(168,'喜闻乐见','2022-04-23',17,9,'我已经在操场了，你在哪呀','positive',0.4202),(169,'喜闻乐见','2022-04-23',35,13,'玩就行！不用慌，我也是玩，反正时间还有很多','positive',0.1482),(170,'佛系无感','2022-04-23',36,13,'问题不大，我去帮你看看啥情况，估计很简单解决','negative',0.8988),(171,'佛系无感','2022-04-23',38,13,'啊哈哈我喜欢踢球！！！！','positive',0.0117),(172,'喜闻乐见','2022-04-23',18,9,'我已经到位了，你在哪呀','positive',0.0584),(173,'佛系无感','2022-04-23',1,10,'我感觉就是中规中矩啦','positive',0.104),(174,'伤心欲绝','2022-04-23',2,10,'我考试已经炸了，考试考的非常不好','negative',0.9499),(175,'佛系无感','2022-04-23',3,10,'没有什么困难，谢谢老师的关心呀','positive',0.2713),(176,'伤心欲绝','2022-04-23',5,10,'我也不会啊可恶，会了的话可不可以教教我','negative',0.9083),(177,'喜闻乐见','2022-04-23',6,10,'我也爱吃哈哈哈哈哈哈哈哈哈','positive',0.0146),(178,'喜闻乐见','2022-04-23',7,10,'哈哈哈哈哈哈物理是最简单的科目啦','positive',0.0161),(179,'喜闻乐见','2022-04-23',8,10,'就是呀就是呀，我也感觉数学老师特别好','positive',0.0135),(180,'喜闻乐见','2022-04-23',9,10,'哈哈哈哈哈哈哈哈哈哈哈太好啦','positive',0.0108),(181,'佛系无感','2022-04-23',10,10,'没什么东西丢啦','negative',0.9415),(182,'伤心欲绝','2022-04-23',11,10,'明明是有作业的，你不要瞎说奥','negative',0.9893),(183,'喜闻乐见','2022-04-23',12,10,'哇哦','positive',0.0245),(184,'喜闻乐见','2022-04-23',13,10,'打得好啊哈哈哈哈哈哈哈','positive',0.0284),(185,'佛系无感','2022-04-23',14,10,'我感觉老师讲的也有一点问题','positive',0.3883),(186,'喜闻乐见','2022-04-23',16,10,'好吃好吃哈哈哈哈哈哈哈哈哈','positive',0.0055),(187,'喜闻乐见','2022-04-23',18,10,'我已经到位啦快来快来','positive',0.0023),(188,'伤心欲绝','2022-04-23',19,10,'就是的啊，太难了吧','negative',0.8139),(189,'喜闻乐见','2022-04-23',20,10,'学习效率非常之高，我直接弯道超车哈哈哈哈哈','positive',0.0064),(190,'喜闻乐见','2022-04-23',21,10,'我只想吃好吃的哈哈哈哈哈','positive',0.05),(191,'伤心欲绝','2022-04-23',22,10,'我也不怎么舒服可恶啊','negative',0.9809),(192,'喜闻乐见','2022-04-23',23,10,'要补考喽哈哈哈哈','positive',0.0372),(193,'伤心欲绝','2022-04-23',25,10,'我感觉我的可能也做不完了','positive',0.4771),(194,'喜闻乐见','2022-04-23',26,10,'哈哈哈哈哈哈哈哈哈哈哈哈','positive',0.0553),(195,'伤心欲绝','2022-04-23',27,10,'累死我了','negative',0.8481),(196,'头次听说','2022-04-23',28,10,'我有我有，明天来找我','positive',0.0376),(197,'喜闻乐见','2022-04-23',37,10,'我会打篮球哈哈哈哈哈哈哈','positive',0.0199),(198,'喜闻乐见','2022-04-23',38,10,'哈哈哈哈哈哈哈我也喜欢！！！！','positive',0.0118),(199,'伤心欲绝','2022-04-23',36,10,'我去，真的好吓人','positive',0.467),(200,'头次听说','2022-04-23',35,10,'不用学习的嘛','positive',0.1686),(201,'伤心欲绝','2022-04-24',35,11,'我还是忍不住，怎么办呀可恶','negative',0.7595),(202,'伤心欲绝','2022-04-24',36,11,'呜呜呜呜呜呜呜呜呜呜呜呜呜呜呜呜呜','positive',0.1574),(203,'喜闻乐见','2022-04-24',37,11,'我直接报了两三个项目哈哈哈哈哈哈哈哈哈哈哈哈','positive',0.0953),(204,'喜闻乐见','2022-04-24',38,11,'下午操场见喽哈哈哈哈哈哈哈哈哈\r\n','positive',0.0191),(205,'伤心欲绝','2022-04-24',31,11,'我也没怎么写过呜呜呜呜呜','negative',0.797),(206,'佛系无感','2022-04-24',35,6,'有，有的是时间玩','positive',0.1976),(207,'佛系无感','2022-04-24',36,6,'不要害怕，他揍你，我就揍回去！','negative',0.9959),(208,'佛系无感','2022-04-24',37,6,'?哪来的运动会，让我康康','negative',0.8669),(209,'佛系无感','2022-04-24',38,6,'不喜欢！','negative',0.9517),(210,'佛系无感','2022-04-24',31,6,'摸摸头，快结束了','positive',0.0253),(211,'佛系无感','2022-04-24',35,12,'哦漏 马上要中考了 再玩我妈妈就要打我了','positive',0.4829),(212,'佛系无感','2022-04-24',35,12,'哦漏 马上中考了 再玩手机我妈妈就要就要打我了','positive',0.1919),(213,'伤心欲绝','2022-04-24',36,12,'害怕！','negative',0.8816),(214,'喜闻乐见','2022-04-24',37,12,'开心！','positive',0.007),(215,'伤心欲绝','2022-04-24',38,12,'上次被球踢了 哭','negative',0.7212),(216,'佛系无感','2022-04-24',35,12,'111','negative',0.656),(217,'伤心欲绝','2022-04-24',35,24,'我最近近视又加重了，不能再玩手机了','negative',0.9168),(218,'伤心欲绝','2022-04-24',36,24,'呜呜呜呜呜呜呜我也好害怕啊\r\n','positive',0.1932),(219,'喜闻乐见','2022-04-24',37,24,'我报了1000米欸哈哈哈哈哈哈','positive',0.0804),(220,'佛系无感','2022-04-24',1,23,'与我无关，减肥啥也不能吃呜呜呜','negative',0.7611),(221,'伤心欲绝','2022-04-24',41,12,'大家一定要注意饮食卫生啊','negative',0.7726),(222,'喜闻乐见','2022-04-24',38,24,'下午见下午见啊哈哈哈哈哈哈','positive',0.0194),(223,'喜闻乐见','2022-04-24',40,12,'哈哈 Java好简单','positive',0.0419),(224,'喜闻乐见','2022-04-24',31,24,'哈哈哈哈哈哈哈我也不会啊','positive',0.1515),(225,'伤心欲绝','2022-04-24',40,24,'今天快困死了','negative',0.8407),(226,'伤心欲绝','2022-04-24',41,24,'呜呜呜呜呜呜呜呜呜呜呜','positive',0.1805),(227,'伤心欲绝','2022-04-24',41,23,'感冒ing难过','negative',0.8161),(228,'伤心欲绝','2022-04-24',40,10,'睡了一天可恶啊呜呜呜呜呜呜呜','negative',0.9543),(229,'佛系无感','2022-04-24',41,10,'我今天肚子也好难受啊','negative',0.8021),(230,'喜闻乐见','2022-04-24',35,10,'哈哈哈哈当然也有时间玩啦哈哈哈哈','positive',0.0059),(231,'喜闻乐见','2022-04-24',40,9,'今天在图书馆哈哈哈哈哈哈','positive',0.0236),(232,'头次听说','2022-04-24',41,9,'我最近身体一直挺好的啊，你怎么回事','positive',0.1023),(233,'头次听说','2022-04-24',42,9,'？？？？？？23年真题','negative',0.9919),(234,'喜闻乐见','2022-04-24',42,10,'真刑','negative',0.624),(235,'头次听说','2022-04-24',35,10,'我手机摔坏了 好难过','negative',0.9309),(236,'伤心欲绝','2022-04-24',36,10,'好害怕','negative',0.6251),(237,'佛系无感','2022-04-24',40,23,'Java好简单？呜呜呜….','negative',0.7493),(238,'佛系无感','2022-04-24',42,23,'这不得1000也收！','negative',0.9451),(239,'佛系无感','2022-04-24',42,23,'这不得1000也收！','negative',0.9451),(240,'伤心欲绝','2022-04-25',41,7,'我也吃坏肚子了，好难受','negative',0.9373),(241,'喜闻乐见','2022-04-26',40,7,'啊哈，java我不学，hhh','positive',0.3953),(242,'喜闻乐见','2022-04-26',43,12,'哈哈 哥哥好厉害','positive',0.0057),(243,'佛系无感','2022-04-26',43,6,'没有','negative',0.9342),(244,'喜闻乐见','2022-04-26',44,12,'我先来！今天喝到了百香果菠萝的饮料 好好喝！','positive',0.0502),(245,'佛系无感','2022-04-26',44,6,'没有，今天是一个非常倒霉的一天','negative',0.9885),(246,'佛系无感','2022-04-26',40,6,'学习，学不会','positive',0.2073),(247,'佛系无感','2022-04-26',41,6,'吃坏肚子加一','negative',0.9584),(248,'佛系无感','2022-04-26',42,6,'没有','negative',0.9342),(249,'喜闻乐见','2022-04-26',46,7,'确实，非常凉快，但也注意别感冒','positive',0.0871),(250,'喜闻乐见','2022-04-26',44,7,'有，今天项目进展非常顺利','positive',0.0173),(251,'喜闻乐见','2022-04-26',45,7,'太好啦，可以多玩耍一会了','positive',0.0106),(252,'喜闻乐见','2022-04-26',43,9,'哥哥哥哥我爱你，就像老鼠爱大米','positive',0.0106),(253,'喜闻乐见','2022-04-26',44,9,'快可以睡觉喽哈哈哈哈哈哈哈哈哈哈哈哈','positive',0.0105),(254,'喜闻乐见','2022-04-26',45,9,'哈哈哈哈哈哈哈太好啦','positive',0.0056),(255,'喜闻乐见','2022-04-26',46,9,'哈哈哈哈哈哈哈哈哈太好啦','positive',0.0082),(256,'喜闻乐见','2022-04-26',40,9,'哈哈哈哈哈哈哈今天碰到了老师','positive',0.0392),(257,'喜闻乐见','2022-04-26',43,10,'哈哈哈哈哈哈我就只会一点点','positive',0.0518),(258,'喜闻乐见','2022-04-26',44,10,'今天吃了一大个西瓜！！！！哈哈哈哈哈','positive',0.0578),(259,'喜闻乐见','2022-04-26',45,10,'太好啦哈哈哈哈哈哈哈哈哈','positive',0.004),(260,'佛系无感','2022-04-26',46,10,'太好了太好啦吼吼吼吼吼吼吼吼吼吼吼吼吼吼吼吼哈哈哈哈哈哈哈哈哈哈哈哈','positive',0.0014),(261,'喜闻乐见','2022-04-26',43,24,'我舍友会一点哈哈哈哈哈哈哈\r\n','positive',0.0531),(262,'喜闻乐见','2022-04-26',44,24,'我今天吃了一堆好吃的哈哈哈哈哈哈','positive',0.0332),(263,'喜闻乐见','2022-04-26',45,24,'耶斯！！！可以好好的玩手机啦哈哈哈哈哈哈','positive',0.0482),(264,'喜闻乐见','2022-04-26',46,24,'确实呀哈哈哈哈哈哈哈哈哈哈哈哈','positive',0.0774),(265,'喜闻乐见','2022-04-26',43,11,'我这边不怎么会哈哈哈哈哈哈哈哈哈哈哈哈','positive',0.1384),(266,'喜闻乐见','2022-04-26',44,11,'我也吃了超级多的好吃的哈哈哈哈哈哈','positive',0.0139),(267,'喜闻乐见','2022-04-26',45,11,'哈哈哈哈哈哈哈哈哈太好了哈哈哈哈哈','positive',0.0084),(268,'喜闻乐见','2022-04-26',46,11,'就是呀红红火火恍恍惚惚哈哈哈哈','positive',0.009),(269,'喜闻乐见','2022-04-26',45,12,'耶斯！可以打游戏咯','positive',0.1916),(270,'佛系无感','2022-04-27',48,6,'倒霉孩子','negative',0.5092),(271,'头次听说','2022-04-27',48,11,'真的是很累，我不知道为啥还发了两遍哈哈哈哈哈哈哈','positive',0.1442),(272,'喜闻乐见','2022-04-27',50,7,'牛哇！我也喜欢踢足球，可惜我不在学校，不过可以看球赛','positive',0.0233),(273,'伤心欲绝','2022-04-27',49,11,'为什么发了两次啊呜呜呜呜呜呜呜','negative',0.8974),(274,'佛系无感','2022-04-27',43,6,'不会，摸摸脑袋瓜子','negative',0.9278),(275,'伤心欲绝','2022-04-27',50,11,'我是看出来了，一共发了三遍呜呜呜','positive',0.4015),(276,'喜闻乐见','2022-04-27',51,11,'有困难的，不过马上就要结束啦哈哈哈哈哈哈猛猛干','positive',0.081),(277,'伤心欲绝','2022-04-27',51,7,'前端网页显示图片出问题了，可恶的vue框架，太复杂了！！好烦！！','negative',0.995),(278,'佛系无感','2022-04-27',3,7,'老师，你会敲代码吗？求求你教教我呗','negative',0.9152),(279,'喜闻乐见','2022-04-27',43,11,'我今天学了相关的知识，说不定我可以解决奥哈哈哈','positive',0.0312),(280,'佛系无感','2022-04-27',1,7,'我喜欢红烧肉！！红烧肉！！红烧肉！！红烧肉！！红烧肉！！','positive',0.0324),(281,'佛系无感','2022-04-27',51,6,'不会代码噢','negative',0.8444),(282,'伤心欲绝','2022-04-27',44,11,'今天连打了四个喷嚏，都快给我打傻了呜呜呜','negative',0.9343),(283,'佛系无感','2022-04-27',49,6,'你为什么要发三遍','negative',0.9244),(284,'佛系无感','2022-04-27',50,6,'看得出来确实很累了','positive',0.4759),(285,'喜闻乐见','2022-04-27',16,7,'红烧肉！红烧肉！红烧肉！红烧肉！红烧肉！红烧肉！红烧肉！红烧肉！红烧肉！红烧肉！','negative',0.5151),(286,'伤心欲绝','2022-04-27',45,11,'我已经通宵了一次了太困了呜呜呜呜','negative',0.9093),(287,'佛系无感','2022-04-27',10,7,'你看见我红烧肉了吗！','negative',0.9396),(288,'伤心欲绝','2022-04-27',46,11,'今天这波真的冷啊，我差点就感冒了呜呜呜呜','negative',0.8919),(289,'伤心欲绝','2022-04-27',40,11,'今天补了一万份作业呜呜呜呜呜','positive',0.4016),(290,'伤心欲绝','2022-04-27',41,11,'吃坏肚子加三呜呜呜呜呜','negative',0.942),(291,'喜闻乐见','2022-04-27',48,10,'哈哈哈哈哈你怎么傻乎乎的啊发了那么多遍','positive',0.2193),(292,'喜闻乐见','2022-04-27',49,10,'哈哈哈哈哈你这也太傻了吧，你发来了多少遍啊','negative',0.6866),(293,'喜闻乐见','2022-04-27',50,10,'哈哈哈哈看出来累了发了一万遍哈哈哈','positive',0.0435),(294,'伤心欲绝','2022-04-27',51,10,'太有困难了，现在好多东西都学不会','negative',0.851),(295,'喜闻乐见','2022-04-27',43,10,'我今天看了一点，是真的好难啊呜呜呜','negative',0.5936),(296,'佛系无感','2022-04-27',48,9,'你已经累的头晕眼花了嘛哈哈哈哈','positive',0.0926),(297,'佛系无感','2022-04-27',49,9,'你已经累傻了嘛，都不知道自己发了几遍','negative',0.9857),(298,'头次听说','2022-04-27',50,9,'辛苦啦辛苦啦辛苦啦','positive',0.0045),(299,'伤心欲绝','2022-04-27',51,9,'还是很有困难的，可恶啊','negative',0.8464),(300,'佛系无感','2022-04-27',43,9,'我这边也不太会','negative',0.6544),(301,'伤心欲绝','2022-04-27',48,12,'呜呜 累死了','negative',0.6899),(302,'喜闻乐见','2022-04-28',48,7,'啊哈，踢球多是一件美事啊\n','positive',0.02),(303,'喜闻乐见','2022-04-28',40,7,'今天解决了很多数据对接的问题','negative',0.7261),(304,'喜闻乐见','2022-04-28',52,7,'明天就可以写文档啦，暂时不需要写很多代码啦哈哈哈哈','positive',0.0131),(305,'伤心欲绝','2022-04-28',52,7,'但是还有一些功能没实现，算法还没完全弄好，仍需改进','negative',0.8702),(306,'佛系无感','2022-04-28',52,6,'夸夸你，摸摸笨猪头','positive',0.4514),(307,'佛系无感','2022-04-28',51,6,'不写代码，欸嘿','negative',0.6748),(308,'佛系无感','2022-04-28',49,6,'牛哇','positive',0.0328),(309,'喜闻乐见','2022-04-28',52,10,'好棒！','positive',0.0002),(310,'喜闻乐见','2022-04-28',52,12,'好棒！','positive',0.0002),(311,'头次听说','2022-04-28',51,12,'最近都没写代码','negative',0.621),(312,'喜闻乐见','2022-04-28',52,24,'太牛啦太牛啦太牛啦太牛啦太牛啦太牛啦太牛啦太牛啦太牛啦太牛啦太牛啦太牛啦','positive',0.2751),(313,'喜闻乐见','2022-04-28',52,24,'太牛啦太牛啦太牛啦太牛啦太牛啦太牛啦','positive',0.2751),(314,'喜闻乐见','2022-04-28',52,24,'太牛啦太牛啦太牛啦太牛啦太牛啦太牛啦','positive',0.2751),(315,'佛系无感','2022-04-28',48,24,'你真帅你真帅你真帅你真帅你真帅你真帅你真帅你真帅你真帅你真帅你真帅你真帅你真帅你真帅你真帅你真帅你真帅你真帅你真帅你真帅你真帅你真帅你真帅你真帅你真帅你真帅你真帅你真帅你真帅你真帅你真帅你真帅','positive',0.0012),(316,'喜闻乐见','2022-04-28',52,9,'太强啦太强啦，我今天吃了一个大西瓜！！也很高兴哈哈哈哈','positive',0.0223),(317,'喜闻乐见','2022-04-28',57,9,'我今天吃了一个大西瓜！！也很高兴哈哈哈哈','positive',0.0109),(318,'喜闻乐见','2022-04-28',48,9,'太强啦太强啦，我今天吃了一个大西瓜！！也很高兴哈哈哈哈','positive',0.0223),(319,'喜闻乐见','2022-04-28',50,9,'我今天吃了一个大西瓜！！也很高兴哈哈哈哈','positive',0.0109),(320,'头次听说','2022-04-28',58,9,'你多少带点傻啊，保山','negative',0.8963),(321,'佛系无感','2022-04-28',7,24,'真的吗真的吗真的吗','negative',0.9743),(322,'佛系无感','2022-04-28',50,24,'帅啊帅啊我也想踢球，不过技术不好','positive',0.0183),(323,'佛系无感','2022-04-28',1,24,'想吃煎饼，学校咋没煎饼','negative',0.7719),(324,'佛系无感','2022-04-28',52,11,'太强啦哈哈哈哈哈加油啊加油啊\r\n','positive',0.0142),(325,'佛系无感','2022-04-28',3,24,'老师你好，我想在学校河里钓鱼','positive',0.055),(326,'头次听说','2022-04-28',35,24,'我用老年机玩二十分钟就想摔','negative',0.9646),(327,'喜闻乐见','2022-04-28',5,24,'物理美娜姐教的好','positive',0.0574),(328,'伤心欲绝','2022-04-28',9,24,'好呀好呀','positive',0.2556),(329,'伤心欲绝','2022-04-28',16,24,'我想吃煎饼','positive',0.1607),(330,'佛系无感','2022-04-28',40,24,'CAD2','negative',0.624),(331,'佛系无感','2022-04-28',40,24,'CAD 脑瘫','negative',0.5976),(332,'佛系无感','2022-04-28',10,24,'我丢了个知更鸟','negative',0.853),(333,'佛系无感','2022-04-28',52,24,'好呀真棒','negative',0.624),(334,'喜闻乐见','2022-04-29',52,12,'好厉害','positive',0.0957),(335,'伤心欲绝','2022-04-29',58,12,'呜呜','positive',0.2547),(336,'伤心欲绝','2022-04-29',61,12,'呜呜 我的饿拖延症也好严重','positive',0.4196),(337,'喜闻乐见','2022-04-29',62,12,'听我说 谢谢你 因为有你 温暖了司机','positive',0.0489);

/*Table structure for table `email_captcha` */

DROP TABLE IF EXISTS `email_captcha`;

CREATE TABLE `email_captcha` (
  `id` int(11) NOT NULL AUTO_INCREMENT,
  `email` varchar(100) DEFAULT NULL,
  `captcha` varchar(10) DEFAULT NULL,
  `create_time` date DEFAULT NULL,
  PRIMARY KEY (`id`),
  UNIQUE KEY `email` (`email`)
) ENGINE=InnoDB AUTO_INCREMENT=17 DEFAULT CHARSET=utf8mb4;

/*Data for the table `email_captcha` */

insert  into `email_captcha`(`id`,`email`,`captcha`,`create_time`) values (1,'zcm200605@163.com','dMKZul','2022-04-24'),(2,'1765581304@qq.com','AWces0','2022-04-20'),(3,'745570452@qq.com','awQVc8','2022-04-19'),(4,'teacher1@163.com','1J70pq','2022-04-14'),(5,'xiaozhang@163.com','R0YSDq','2022-04-20'),(6,'xiaowang@163.com','cAF4xQ','2022-04-20'),(7,'1501483814@qq.com','clPSpR','2022-04-17'),(8,'3350790851@qq.com','IgUKsA','2022-04-17'),(9,'1308462010@qq.com','Ykcqrb','2022-04-19'),(10,'318895885@qq.com','LIxefG','2022-04-19'),(11,'yuyixiang6@gmail.com','OXNUr2','2022-04-19'),(12,'928045366@qq.com','ZjGfrJ','2022-04-19'),(13,'2260824257@qq.com','l0fGvk','2022-04-19'),(14,'2041284831@qq.com','enuSgZ','2022-04-24'),(15,'2089915756@qq.com','gprPna','2022-04-24'),(16,'xiaohong@163.com','JYX6Di','2022-04-25');

/*Table structure for table `emotion_daily` */

DROP TABLE IF EXISTS `emotion_daily`;

CREATE TABLE `emotion_daily` (
  `id` int(11) NOT NULL AUTO_INCREMENT,
  `emo_sum` float DEFAULT NULL,
  `data_num` int(11) DEFAULT NULL,
  `date` date DEFAULT NULL,
  `user_id` int(11) DEFAULT NULL,
  PRIMARY KEY (`id`),
  KEY `user_id` (`user_id`),
  CONSTRAINT `emotion_daily_ibfk_1` FOREIGN KEY (`user_id`) REFERENCES `user` (`id`)
) ENGINE=InnoDB AUTO_INCREMENT=71 DEFAULT CHARSET=utf8mb4;

/*Data for the table `emotion_daily` */

insert  into `emotion_daily`(`id`,`emo_sum`,`data_num`,`date`,`user_id`) values (2,0.2316,2,'2022-04-16',7),(3,2.9969,4,'2022-04-17',7),(4,0,0,'2022-04-17',11),(5,0,0,'2022-04-17',12),(6,0.8987,1,'2022-04-19',7),(7,8.381,17,'2022-04-19',11),(8,0.5587,1,'2022-04-19',14),(9,4.8992,12,'2022-04-19',13),(10,8.6691,16,'2022-04-19',12),(11,4.8169,9,'2022-04-19',15),(12,3.1646,4,'2022-04-19',20),(13,2.1819,3,'2022-04-19',6),(14,8.1047,14,'2022-04-19',22),(15,2.682,5,'2022-04-20',7),(16,4.9729,11,'2022-04-20',11),(17,0,0,'2022-04-20',13),(18,5.3815,9,'2022-04-20',12),(19,5.1131,6,'2022-04-20',6),(20,1.0013,4,'2022-04-20',9),(21,2.9745,5,'2022-04-20',10),(22,1.7096,4,'2022-04-21',7),(23,5.5075,10,'2022-04-21',13),(24,6.4277,12,'2022-04-21',11),(25,4.1556,7,'2022-04-21',6),(26,2.5833,11,'2022-04-22',11),(27,1.8093,4,'2022-04-22',7),(28,6.2279,9,'2022-04-22',6),(29,3.8901,6,'2022-04-22',13),(30,2.4439,5,'2022-04-22',9),(31,3.8854,8,'2022-04-22',12),(32,1.0587,3,'2022-04-23',13),(33,5.0028,8,'2022-04-23',11),(34,2.7888,5,'2022-04-23',6),(35,4.9643,15,'2022-04-23',9),(36,2.7471,3,'2022-04-23',7),(37,8.6421,28,'2022-04-23',10),(38,0,0,'2022-04-24',7),(39,0,0,'2022-04-24',8),(40,1.8283,5,'2022-04-24',11),(41,3.0374,5,'2022-04-24',6),(42,6.1502,11,'2022-04-24',12),(43,2.3825,7,'2022-04-24',24),(44,5.9842,7,'2022-04-24',23),(45,3.9423,6,'2022-04-24',10),(46,1.1178,3,'2022-04-24',9),(47,0.9373,1,'2022-04-25',7),(48,1.7015,6,'2022-04-26',7),(49,1.9028,9,'2022-04-26',12),(50,4.0226,5,'2022-04-26',6),(51,0.0741,5,'2022-04-26',9),(52,0.115,4,'2022-04-26',10),(53,0.2119,4,'2022-04-26',24),(54,0.1697,4,'2022-04-26',11),(55,4.4103,8,'2022-04-27',7),(56,5.6344,10,'2022-04-27',11),(57,3.6817,5,'2022-04-27',6),(58,0,0,'2022-04-27',24),(59,2.394,5,'2022-04-27',10),(60,2.5836,5,'2022-04-27',9),(61,0.6899,1,'2022-04-27',12),(62,0,0,'2022-04-28',8),(63,1.679,6,'2022-04-28',7),(64,1.159,3,'2022-04-28',6),(65,0.8845,4,'2022-04-28',12),(66,8.9807,20,'2022-04-28',24),(67,0.9627,5,'2022-04-28',9),(68,0.0142,1,'2022-04-28',11),(69,0.8189,4,'2022-04-29',12),(70,0,0,'2022-04-30',8);

/*Table structure for table `topic` */

DROP TABLE IF EXISTS `topic`;

CREATE TABLE `topic` (
  `id` int(11) NOT NULL AUTO_INCREMENT,
  `title` varchar(100) NOT NULL,
  `type` varchar(50) NOT NULL,
  `content` text NOT NULL,
  `create_time` date DEFAULT NULL,
  `author_id` int(11) DEFAULT NULL,
  `secrecy` int(11) DEFAULT NULL,
  PRIMARY KEY (`id`),
  KEY `author_id` (`author_id`),
  CONSTRAINT `topic_ibfk_1` FOREIGN KEY (`author_id`) REFERENCES `user` (`id`)
) ENGINE=InnoDB AUTO_INCREMENT=72 DEFAULT CHARSET=utf8mb4;

/*Data for the table `topic` */

insert  into `topic`(`id`,`title`,`type`,`content`,`create_time`,`author_id`,`secrecy`) values (1,'大家如何评价咱学校的食堂？','日常生活','都随便说说吧~~~','2022-01-27',7,0),(2,'大家期末考试考得怎么样？','日常生活','这次数学也太难了吧！！还怎么回家过年...','2022-01-27',7,0),(3,'同学们好，你们生活有什么困难吗？','老师问卷','如果有什么困难可以向老师说哦','2022-04-14',8,0),(4,'每日教学记录day1','我的日记','今天教给学生了如何求导，感觉教的不是很好','2022-04-14',8,1),(5,'你们写完作业没？','问题求助','今天物理作业真的难，能不能借我看看','2022-04-17',7,0),(6,'瓜真好吃，你们喜欢吃瓜吗？','日常生活','诶嘿，新鲜的瓜瓜，好吃不贵！！！','2022-04-19',13,0),(7,'明天的物理考试','日常生活','明天的物理考试大家都复习了吗？我现在压力好大，我怕考不及格！','2022-04-19',11,0),(8,'数学老师教学问题','师生关系','数学老师讲的也太好了吧！谢谢老师！我太高兴了有救了！','2022-04-19',11,0),(9,'学校有了个新论坛！！','日常生活','网课期间大家也可以一起聊天一起交流啦！太开心啦！！！！','2022-04-19',11,0),(10,'失物招领启示贴','日常生活','大家有没有丢了什么东西呀，可以在这边问一下呀！！！！','2022-04-19',11,0),(11,'今天老师没布置作业','心情分享','兄弟们嗨起来 哈哈！','2022-04-19',12,0),(12,'隔壁张老师谈恋爱啦','日常生活','哈哈 你们发现了吗','2022-04-19',12,0),(13,'袁哥今天打我','日常生活','好伤心 呜呜呜','2022-04-19',12,0),(14,'你知道吗，今天数学课老师讲错了','问题求助','但他还一直不承认，非说自己没讲错，明明和课本上都不一样，太讨厌了。','2022-04-19',12,0),(15,'今天吃了肯德基','我的日记','今天吃了肯德基，用了一个卷，免费的蛋挞真好吃','2022-04-19',20,1),(16,'今天吃了肯德基，大家爱吃吗？','日常生活','今天吃了一个蛋挞，一个薯条，一个鸡米花，一个可乐，这样属不属于量词破碎','2022-04-19',20,0),(17,'操场有没有打羽毛球的','日常生活','有没有一起去操场打羽毛球的友友们呀','2022-04-20',11,0),(18,'有没有晚上一起打牌的','日常生活','有没有晚上一起打牌的朋友呀哈哈哈哈哈','2022-04-20',11,0),(19,'作业难度太大啦','问题求助','这几天作业太难了啊有没有谁可以帮帮我的','2022-04-20',11,0),(20,'网课期间大家的学习效率','日常生活','网课期间大家的学习效率怎么样啊，我为什么感觉什么也学不进去啊','2022-04-20',11,0),(21,'大家未来想做些什么啊','问题求助','大家未来想做些什么啊？我对未来很迷惑！','2022-04-20',11,0),(22,'这几天我感冒了','心情分享','好伤心啊 头好痛','2022-04-20',12,0),(23,'昨天数学考试','问题求助','考了59怎么办','2022-04-20',12,0),(24,'张老师今天训我了','师生关系','他把我叫到办公室 再去操场玩就要叫家长 朋友们我该怎么办啊','2022-04-20',10,0),(25,'我毕业设计做不完啦！！！咋办啊兄弟们','心情分享','你们都做完了吗','2022-04-21',13,0),(26,'楼梯该修修啦扎着我手了','问题求助','老师老师，看见的话修一下叭','2022-04-21',11,0),(27,'昨天的体测也太累了吧','日常生活','累不活了，我躺在床上一动也不想动可恶','2022-04-21',11,0),(28,'有没有人有不用的物理课本','问题求助','有没有人有不用的物理课本呀，我的课本找不到了，伤心死了','2022-04-21',11,0),(29,'我的东西又不见了','问题求助','有没有人捡到我的水杯，就是一个粉色的水杯','2022-04-21',11,0),(30,'有没有人会做今天的化学题','问题求助','化学题目也太难了吧，有人会做可以帮帮我的吗','2022-04-21',11,0),(31,'今天写前端好累啊，模板好难用！！谁教教我','问题求助','啊啊啊工具好难用！！','2022-04-22',7,0),(32,'今天我去做实验啦，但是实验好像很难我都做不对','心情分享','我心里好难受啊可恶，呜呜呜呜呜呜呜呜','2022-04-22',11,0),(33,'咱们学校新来了一个老师呀','师生关系','太开心啦！！可以认识新的老师啦哈哈哈哈哈','2022-04-22',11,0),(34,'今天的实验大家都做出来了吗','问题求助','给我抄抄！','2022-04-22',12,0),(35,'大家平时有没有时间玩手机呀','问题求助','我整天老是想着玩手机怎么办呀','2022-04-23',11,0),(36,'今天学校门口有一群小混混','问题求助','他们是来干嘛的呀，我感觉好害怕啊','2022-04-23',11,0),(37,'听说咱们学校过几天要开运动会欸','日常生活','大家伙都有没有运动项目啊？？？','2022-04-23',11,0),(38,'大家喜欢踢球吗？','日常生活','我超级喜欢踢足球，有没有一起玩的呀明天','2022-04-23',11,0),(39,'未来的计划','我的日记','高中生活就是那么短暂的三年，如果不能好好计划、不会好好珍惜，我们心中所有的理想和憧憬都会无情地破灭，我门将像空袋子一样，难以立足于将来充满竞争和挑战的社会。读书虽苦，但就像咀嚼橄榄，是先苦后甜。只要认真、踏实，相信我们一定回拥有一个','2022-04-23',9,1),(40,'今天大家干了什么啊','日常生活','又是被Java搞得焦头烂额的一天','2022-04-24',23,0),(41,'今天吃坏东西 肚子疼','心情分享','55 好难过','2022-04-24',12,0),(42,'考研数学相关','日常生活','有没有人能整到23年真题啊 100收','2022-04-24',12,0),(43,'今天弄完了摄像头的问题，但不熟，有人会吗？','问题求助','摄像头相关的方法，挺有趣的','2022-04-26',7,0),(44,'大家有没有什么开心事啊','日常生活','分享出来一块开心下吧！','2022-04-26',12,0),(45,'现在晚上不熄灯啦','心情分享','好快乐好快乐','2022-04-26',12,0),(46,'今天好凉快 终于没那么热啦','日常生活','好开心好开心','2022-04-26',12,0),(47,'项目进度好快，爽','我的日记','今天把数据给对接起来了，呈现的效果还不错，哈哈哈哈哈开心','2022-04-27',7,1),(48,'今天踢了个球累死我啦','日常生活','呜呜呜呜呜呜呜累死我了','2022-04-27',11,0),(49,'今天踢了个球累死我啦','日常生活','呜呜呜呜呜呜呜累死我了','2022-04-27',11,0),(50,'今天踢了个球累死我啦','日常生活','呜呜呜呜呜呜呜累死我了','2022-04-27',11,0),(51,'大家最近写代码有困难吗？','心情分享','一起来说说啊~分享代码技术','2022-04-27',7,0),(52,'今天又解决了一个BUG，哈哈好爽啊','心情分享','开心开心开心','2022-04-28',7,0),(53,'笨蛋笨蛋笨蛋笨蛋标题','我的日记','今天早上买了肉饼，中午吃了酸汤肥牛面，晚上吃了馅饼。今天买了面包，咸甜搭配，吃的我现在还恶心','2022-04-28',6,1),(54,'笨蛋笨蛋笨蛋笨蛋标题','我的日记','今天早上买了肉饼，中午吃了酸汤肥牛面，晚上吃了馅饼。今天买了面包，咸甜搭配，吃的我现在还恶心','2022-04-28',6,1),(55,'啥时候解封啊啊啊啊啊啊啊啊啊啊啊啊啊啊啊啊啊啊啊','我的日记','学校封校俩月了，我都无语，妈的，快递进不来，学生进不来，想对象呜呜呜呜呜呜呜','2022-04-28',6,1),(56,'学习学习学习','我的日记','好好学习天天向上！','2022-04-28',6,1),(57,'大家最近有没有吃到好吃的啊','心情分享','哈哈 吃到好吃的心情就会变好吧！','2022-04-28',12,0),(58,'有点迷茫怎么办','日常生活','嗨嗨嗨啊啊hi还爱阿海哈','2022-04-28',24,0),(59,'写日记的好处','我的日记','1．提高智商。加拿大维多利亚大学一份研究报告指出，作为语言学习的一部分，写作与智商之间关系密切。日记是一种语言探索，写作过程中会产生搜索新词的冲动，扩大词汇量。在各种智力测试方式中，词汇测试是一种最简单的方法。\r\n2．增强注意力。美国《国际健康杂志》刊登一项研究发现，快乐和注意力之间存在很强的关联性。写日记可将人们带入一种全神贯注的思考状态。此时，对于曾经的挫折和未来的焦虑，往往都能够坦然面对。写日记有助于驯服脱缰思绪，变被动为主动，改善注意力。','2022-04-28',11,1),(60,'我有一个好朋友','我的日记','我有一个好伙伴，她的名字叫燕春丽。她比我大一岁，个子居然没有我高，我也觉得我长的挺高的。她的眼睛小小的，经常笑眯眯的，从不生气。\r\n\r\n学习也不错，她最喜欢穿粉红色的的上衣和黄色的裤子。一年级的时候她一下课就和我玩，是我最知心的朋友。我现在一回想起她那笑眯眯的眼睛我就忍不住笑了。不知道她现在怎么样了。','2022-04-28',11,1),(61,'拖延症怎么改正','问题求助','给个建议吧','2022-04-28',24,0),(62,'推荐几首好听的歌吧','日常生活','心情好好 身体棒棒 学习好好\r\n','2022-04-28',24,0),(63,'1111111111111111','我的日记','11111111111111111111','2022-04-29',12,1),(64,'11111111111111111111','我的日记','111111111111111111111111','2022-04-29',12,1),(65,'11111111111111111111','我的日记','111111111111111111','2022-04-29',12,1),(66,'11111111111111111111','我的日记','11111111111111111111111','2022-04-29',12,1),(67,'11111111111111111111','我的日记','11111111111111111111','2022-04-29',12,1),(68,'11111111111111111111','我的日记','111111111111111111111111','2022-04-29',12,1),(69,'11111111111111111111','我的日记','1111111111111111111','2022-04-29',12,1),(70,'11111111111111111111','我的日记','111111111','2022-04-29',12,1),(71,'这几天我感冒了','我的日记','111111111111111','2022-04-29',12,1);

/*Table structure for table `user` */

DROP TABLE IF EXISTS `user`;

CREATE TABLE `user` (
  `id` int(11) NOT NULL AUTO_INCREMENT,
  `username` varchar(200) DEFAULT NULL,
  `email` varchar(100) DEFAULT NULL,
  `password` varchar(200) DEFAULT NULL,
  `join_time` date DEFAULT NULL,
  `sex` varchar(10) DEFAULT NULL,
  `level` int(11) DEFAULT NULL,
  `classroom` varchar(10) DEFAULT NULL,
  `height` int(11) DEFAULT NULL,
  `weight` int(11) DEFAULT NULL,
  PRIMARY KEY (`id`),
  UNIQUE KEY `email` (`email`)
) ENGINE=InnoDB AUTO_INCREMENT=26 DEFAULT CHARSET=utf8mb4;

/*Data for the table `user` */

insert  into `user`(`id`,`username`,`email`,`password`,`join_time`,`sex`,`level`,`classroom`,`height`,`weight`) values (6,'张小燕','745570452@qq.com','pbkdf2:sha256:260000$rHctC4QOlEKaiT8m$9012dd85039d95f536ec19b15bfd60a4cf3eacc7237c7d7f422c1fa510eb213c','2022-01-26','女',0,'高一二班',175,60),(7,'张淙冕','zcm200605@163.com','pbkdf2:sha256:260000$PcSrfyXNoAKcG6nY$48747783680b3fbd4d56d7c400b4ae10bd3b3379223645aa1ef2523536b441e1','2022-01-26','男',0,'高一三班',175,70),(8,'王涛','teacher1@163.com','pbkdf2:sha256:260000$YErzZkdayn3zLLni$aedd41eecb36dc5e558c1d1433f1d788e21b736054e213e70c31c01dfa460fda','2022-04-14','男',1,'高一一班',160,60),(9,'张小小','xiaozhang@163.com','pbkdf2:sha256:260000$OWa1KrclHND8sUtk$eb0ef411fc278faeab4c162b44941a970071fe087c6d6085e9289e2793e7e679','2022-04-14','女',0,'高一一班',169,67),(10,'王小小','xiaowang@163.com','pbkdf2:sha256:260000$etXFvZVExZCTkukE$0fbfdfe7f42873e9620d6cb04c6334d7035b8e37351e6cb14517b231916b2d06','2022-04-17','男',0,'高一一班',158,80),(11,'袁红太','1501483814@qq.com','pbkdf2:sha256:260000$QQncHtB7LIYYqEk4$87998717ee066eecc0300ebeaab51813a43cc834d4a0ea41033c76d2c6f4a3da','2022-04-17','男',0,'高一一班',178,59),(12,'丛玉辰','3350790851@qq.com','pbkdf2:sha256:260000$1p9UrSvzbIyFI8Wf$5a0d47ddd52a13df14de65827bed01352f5577433ddc9bf41a11ade40b8334a7','2022-04-17','男',0,'高一一班',179,80),(13,'张伟','1765581304@qq.com','pbkdf2:sha256:260000$POUjsZ9izqp2GXgd$179a430794968cae70b357036795d457324d2f401cfa0256081c83281f452c03','2022-04-19','男',0,'高一一班',164,79),(14,'刘暗玺','318895885@qq.com','pbkdf2:sha256:260000$JVODyaz0Ja6MgTc6$6add6c968efe5c4f7735c7f2f3d82692581689fc17dd50566f0d0520a283490a','2022-04-19','男',0,'高一一班',158,69),(15,'于一祥','yuyixiang6@gmail.com','pbkdf2:sha256:260000$24XXpYiatomM9QZW$a4e32ef906c9b4497e436a16631aa510346f7d67ee34fb5ee60266f9be081990','2022-04-19','男',0,'高一一班',159,80),(20,'关小小','928045366@qq.com','pbkdf2:sha256:260000$QF5KKEBqA4b4v8Oy$412b9e60bcee53def115f1ac99034dbbbdf280008da1f0aac8af08ade5447958','2022-04-19','女',0,'高一一班',176,70),(22,'李文强','2260824257@qq.com','pbkdf2:sha256:260000$uN4dheS5fpvmaLkM$4b6e2e2276535f893bd4f8a256fe31bbb224716092e4b518aec28db626104831','2022-04-19','男',0,'高一一班',168,89),(23,'盖文昊','2041284831@qq.com','pbkdf2:sha256:260000$glW1FX9EUCCTDmi4$a4caa576233189c69c31546d12ee70680bba73246a7a9c765f01480a4cd724d8','2022-04-24','男',0,'高一一班',169,76),(24,'王报谦','2089915756@qq.com','pbkdf2:sha256:260000$GoQBYONaqwXuuN8t$7f705f100cf29c93531d85524d548b423fc1484f89c78694330fa39af9d84af7','2022-04-24','男',0,'高一一班',188,77),(25,'张晓红','xiaohong@163.com','pbkdf2:sha256:260000$gO3RiGsj7shrhFRS$f85b14a911d1fe64b0a58ad8f0bfa2572e5d76acb559d9231051896881acf1f5','2022-04-25','男',0,'高一一班',160,55);

/*Table structure for table `web_count` */

DROP TABLE IF EXISTS `web_count`;

CREATE TABLE `web_count` (
  `id` int(11) NOT NULL AUTO_INCREMENT,
  `count` int(11) DEFAULT NULL,
  PRIMARY KEY (`id`)
) ENGINE=InnoDB AUTO_INCREMENT=2 DEFAULT CHARSET=utf8mb4;

/*Data for the table `web_count` */

insert  into `web_count`(`id`,`count`) values (1,725);

/*!40101 SET SQL_MODE=@OLD_SQL_MODE */;
/*!40014 SET FOREIGN_KEY_CHECKS=@OLD_FOREIGN_KEY_CHECKS */;
/*!40014 SET UNIQUE_CHECKS=@OLD_UNIQUE_CHECKS */;
/*!40111 SET SQL_NOTES=@OLD_SQL_NOTES */;
